id,entry_type,bibkey,options,shorthand,date_year,pubstate,title_latex,title_unicode,booktitle_latex,booktitle_unicode,crossref,journal_key,volume,volume_numeric,number,number_numeric,pages,start_page,eid,series_key,address,institution_key,school_key,publisher_key,type_field,edition,note_latex,note_unicode,issuetitle_latex,issuetitle_unicode,extra_note_latex,extra_note_unicode,urn,eprint,doi,url,langid,is_translation,epoch,license,author_keys,editor_keys,guesteditor_keys,keyword_keys
135367,article,qu_hm:2014,,,2014,,Hume's Positive Argument on Induction,Hume's Positive Argument on Induction,,,,nous,48,48,4,4,595--625,595,,,,,,,,,,,,,,,,,,,english,false,,,qu_hm,,,1:method;2:induction
135368,article,qu_hm:2014a,,,2014,,Hume's Practically Epistemic Conclusions?,Hume's Practically Epistemic Conclusions?,,,,philosophical-studies,170,170,3,3,501--524,501,,,,,,,,,,,,,,,,,10.1007/s11098-013-0260-1,,english,false,,,qu_hm,,,1:history_of_philosophy
135369,article,qu_hm:2016,,,2016,,"Prescription, Description, and Hume's Experimental Method","Prescription, Description, and Hume's Experimental Method",,,,british-journal-for-the-history-of-philosophy,24,24,2,2,279--301,279,,,,,,,,,,,,,,,,,,,english,false,,,qu_hm,,,1:method;2:scientific_method
135370,article,qu_hm:2017,,,2017,,Hume on Mental Transparency,Hume on Mental Transparency,,,,pacific-philosophical-quarterly,98,98,,,576--601,576,,,,,,,,,,,,,,,,,,,english,false,,,qu_hm,,,1:knowledge;2:self_knowledge
135371,article,qu_hm:2017a,,,2017,,Hume's Doxastic Involuntarism,Hume's Doxastic Involuntarism,,,,mind,126,126,501,501,53--92,53,,,,,,,,,,,,,,,,,,,english,false,,,qu_hm,,,1:belief;2:believing_at_will
135372,article,qu_hm:2019,,,2019,,Hume's Deontological Response to Scepticism,Hume's Deontological Response to Scepticism,,,,ergo,6,6,27,27,743--769,743,,,,,,,,,,,,,,,,,,,english,false,,,qu_hm,,,1:skepticism
135373,book,qu_hm:2020,,,2020,,Hume's Epistemological Evolution,Hume's Epistemological Evolution,,,,,,,,,,,,,Oxford,,,oxford-university-press,,,,,,,,,,,10.1093/oso/9780190066291.001.0001,,english,false,,,qu_hm,,,1:epistemology
135374,article,qu_hm:2023,,,2023,,Hume on Theoretical Simplicity,Hume on Theoretical Simplicity,,,,philosophers-imprint,23,23,10,10,,,,,,,,,,,,,,,,,,,10.3998/phimp.1521,,english,false,,,qu_hm,,,1:science;2:theory_choice;3:simplicity_of_theories
135375,book,quadranti:2007,,,2007,,La raison constructrice,La raison constructrice,,,,,,,,,,,,philosophia_naturalis_et_geometricalis,Frankfurt a.M.,,,peter-lang,,,,,,,,,,,,,french,false,,,quadranti,,,1:science
135376,UNKNOWN,quaini_jb:1963,,,1963,,La signigicacion del esp{\'{\i}}ritu en Max Scheler : ensayo de exposiciōn y de cr{\'{\i}}tica fundamental,La signigicacion del espíritu en Max Scheler : ensayo de exposiciōn y de crítica fundamental,,,,,,,,,,,,,Fribourg,,d_e_partement_de_philosophie_universit_e_de_fribourg,,Th{\`e}se de doctorat,,,,,,,,,,,,french,false,,,quaini_jb,,,
135377,article,quanhaase-wellman:2004,,,2004,,Local Virtuality in a High-Tech Networked Organization,Local Virtuality in a High-Tech Networked Organization,,,,analyse-kritik,26,26,1,1,241--257,241,,,,,,,,,,,,,,,,,,,english,false,,,quanhaase;wellman_b,,,1:computation;2:internet
135378,book,quante-mooren:2018,,,2018,,Kommentar zu Hegels Wissenschaft der Logik,Kommentar zu Hegels Wissenschaft der Logik,Kommentar zu Hegels Wissenschaft der Logik,Kommentar zu Hegels Wissenschaft der Logik,,,,,67,67,,,,hegel_studien_beiheft,Hamburg,,,felix-meiner-verlag,,,,,,,,,,,,,german,false,,,,quante;mooren_n,,1:metaphysics
135379,book,quante-schweikard:2016,,,2016,,Marx-Handbuch.~Leben -- Werk -- Wirkung,Marx-Handbuch. Leben – Werk – Wirkung,Marx-Handbuch.~Leben -- Werk -- Wirkung,Marx-Handbuch. Leben – Werk – Wirkung,,,,,,,,,,,Stuttgart,,,jb-metzler,,,,,,,,,,,,,german,false,,,,quante;schweikard_dp,,1:political_philosophy;2:marxism
135380,book,quante-vieth:2001,,,2001,,Xenotransplantation.~Ethische und rechtliche Probleme,Xenotransplantation. Ethische und rechtliche Probleme,Xenotransplantation.~Ethische und rechtliche Probleme,Xenotransplantation. Ethische und rechtliche Probleme,,,,,2,2,,,,ethica,Paderborn,,,mentis-verlag,,,,,,,,,,,,,german,false,,,,quante;vieth_a,,1:ethics;2:bioethics
135381,incollection,quante:1997,,,1997,,"``Die Pers{\""o}nlichkeit des Willens'' als Prinzip des abstrakten Rechts.~Eine Analyse der begriffslogischen Struktur der \S\S 34-40 von Hegels \emph{Grundlinien der Philosophie des Rechts}",“Die Persönlichkeit des Willens” als Prinzip des abstrakten Rechts. Eine Analyse der begriffslogischen Struktur der 34-40 von Hegels Grundlinien der Philosophie des Rechts,,,siep_l:1997,,,,,,73--94,73,,,,,,,,,,,,,,,,,,,german,false,,,quante,,,1:law
135382,book,quante:2004,,,2004,,Hegel's Concept of Action,Hegel's Concept of Action,,,,,,,,,,,,modern_european_philosophy,Cambridge,,,cambridge-university-press,,,,,,,,,,,,,english,false,,,quante,,,1:action
135383,article,quante:2007,,,2007,,Habermas on Compatibilism and Ontological Monism: Some Problems,Habermas on Compatibilism and Ontological Monism: Some Problems,,,,philosophical-explorations,10,10,1,1,59--68,59,,,,,,,,,,,,,,,,,,,english,false,,,quante,,,1:complexity;2:monism;3:compositional_monism
135384,incollection,quante:2008,,,2008,,"`Die Vernunft unvern{\""u}nftig aufgefasst'.~Hegels Kritik der beobachtenden Vernunft",‘Die Vernunft unvernünftig aufgefasst'. Hegels Kritik der beobachtenden Vernunft,,,vieweg-welsch:2008,,,,,,325--349,325,,,,,,,,,,,,,,,,,,,german,false,,,quante,,,1:rationality
135385,incollection,quante:2008a,,,2008,,``Reason \dots Apprehended Irrationally'': Hegel's Critique of Observing Reason,“Reason …Apprehended Irrationally”: Hegel's Critique of Observing Reason,,,moyar-quante:2008,,,,,,91--111,91,,,,,,,,,,,,,,,,,,,english,false,,,quante,,,1:history_of_philosophy
135386,incollection,quante:2009,,,2009,,Geschichtsbegriff und Geschichtsphilosophie.~Ein analytischer Kommentar (S.~28-36),Geschichtsbegriff und Geschichtsphilosophie. Ein analytischer Kommentar (S. 28-36),,,bluhm_h:2009,,,,,,83--100,83,,,,,,,,,,,,,,,,,,,german,false,,,quante,,,1:history
135387,incollection,quante:2010,,,2010,,Hegel,Hegel,,,oconnor_t-sandis:2010,,,,,,537--545,537,,,,,,,,,,,,,,,,,,,english,false,,,quante,,,1:action
135388,incollection,quante:2010a,,,2010,,After Hegel: The Actualization of Philosophy in Practice,After Hegel: The Actualization of Philosophy in Practice,,,moyar:2010,,,,,,197--237,197,,,,,,,,,,,,,,,,,,,english,false,,,quante,,,1:history_of_philosophy
135389,incollection,quante:2010b,,,2010,,Hegel's Planning Theory of Agency,Hegel's Planning Theory of Agency,,,laitinen-sandis:2010,,,,,,212--231,212,,,,,,,,,,,,,,,,,,,english,false,,,quante,,,1:action;2:agency;3:self_determination
135390,incollection,quante:2011,,,2011,,"Identifikation in Relation: Anmerkungen zum evaluativen Selbstverh{\""a}ltnis menschlicher Personen",Identifikation in Relation: Anmerkungen zum evaluativen Selbstverhältnis menschlicher Personen,,,gethmann:2011,,,,,,603--622,603,,,,,,,,,,,,,,,,,,,german,false,,,quante,,,1:persons;2:self;3:narrative_self
135391,article,quante:2013,,,2013,,Autonomous by Default.~Assessing ``Non-Alienation'' in John Christman's Conception of Personal Autonomy,Autonomous by Default. Assessing “Non-Alienation” in John Christman's Conception of Personal Autonomy,,,,grazer-philosophische-studien,87,87,,,177--196,177,,,,,,,,,,,"Defeasibility in Philosophy.~Knowledge, Agency, Responsibility, and the Law","Defeasibility in Philosophy. Knowledge, Agency, Responsibility, and the Law",,,,,,,english,false,,,quante,,bloeser;janvid;matthiessen_h;willaschek,1:action;2:responsibility
135392,incollection,quante:2013a,,,2013,,Being Identical by Being (Treated as) Responsible,Being Identical by Being (Treated as) Responsible,,,kuehler-jelinek:2013,,,,,,253--272,253,,,,,,,,,,,,,,,,,,,english,false,,,quante,,,1:persons;2:self
135393,book,quante:2014,,,2014,,"Menschenw{\""u}rde und personale Autonomie.~Demokratische Werte im Kontext der Lebenswissenschaften",Menschenwürde und personale Autonomie. Demokratische Werte im Kontext der Lebenswissenschaften,,,,,,,,,,,,,Hamburg,,,felix-meiner-verlag,,2,,,,,,,,,,,german,false,,,quante,,,1:political_philosophy;2:rights;3:human_dignity
135394,book,quante:2016,,,2016,,"Geschichte -- Gesellschaft -- Geltung.~XXIII.~Deutscher Kongress f{\""u}r Philosophie 28.~September -- 2.~Oktober 2014 an der Westf{\""a}lischen Wilhelms-Universit{\""a}t M{\""u}nster.~Kolloquienbeitr{\""a}ge",Geschichte – Gesellschaft – Geltung. XXIII. Deutscher Kongress für Philosophie 28. September – 2. Oktober 2014 an der Westfälischen Wilhelms-Universität Münster. Kolloquienbeiträge,"Geschichte -- Gesellschaft -- Geltung.~XXIII.~Deutscher Kongress f{\""u}r Philosophie 28.~September -- 2.~Oktober 2014 an der Westf{\""a}lischen Wilhelms-Universit{\""a}t M{\""u}nster.~Kolloquienbeitr{\""a}ge",Geschichte – Gesellschaft – Geltung. XXIII. Deutscher Kongress für Philosophie 28. September – 2. Oktober 2014 an der Westfälischen Wilhelms-Universität Münster. Kolloquienbeiträge,,,,,8,8,,,,deutsches_jahrbuch_philosophie,Hamburg,,,felix-meiner-verlag,,,,,,,,,,,,,german,false,,,,quante,,1:history_of_philosophy
135395,book,quante:2018,,,2018,,"Der unvers{\""o}hnte Marx.~Die Welt in Aufruhr",Der unversöhnte Marx. Die Welt in Aufruhr,,,,,,,,,,,,,Paderborn,,,mentis-verlag,,,,,,,,,,,,,german,false,,,quante,,,1:political_philosophy;2:marxism
135396,book,quante:2018a,,,2018,,Pragmatistic Anthropology,Pragmatistic Anthropology,,,,,,,,,,,,,Paderborn,,,mentis-verlag,,,,,,,,,,,,,english,false,,,quante,,,1:social_sciences;2:anthropology
135397,book,quante:2018b,,,2018,,Spirit's Actuality,Spirit's Actuality,,,,,,,,,,,,,Paderborn,,,mentis-verlag,,,,,,,,,,,,,english,false,,,quante,,,1:mind_body
135398,incollection,quantin:1994,,,1994,,"La raison, la certitude, la foi: quelques remarques sur les pr{\'e}liminaires de l'acte de foi selon Huet","La raison, la certitude, la foi: quelques remarques sur les préliminaires de l'acte de foi selon Huet",,,guellouz:1994,,,,,,83--97,83,,,,,,,,,,,,,,,,,,,french,false,,,quantin,,,1:religion;2:faith
135399,incollection,quantz-royer:1992,,,1992,,A Preference Semantics for Defaults in Terminological Logics,A Preference Semantics for Defaults in Terminological Logics,,,nebel_b-etal:1992,,,,,,294--305,294,,,,,,,,,,,,,,,,,,,english,false,,,quantz;royer_v,,,1:logic;2:nonmonotonic_logic;3:default_logic
135400,incollection,quantz:1992,,,1992,,A Step Towards Second Order,A Step Towards Second Order,,,macgregor_rm:1992,,,,,,78--82,78,,,,,,,,,,,,,,,,,,,english,false,,,quantz,,,1:information;2:knowledge_representation
135401,incollection,quaranto-stanley:2021,,,2021,,Propaganda,Propaganda,,,khoo-sterken:2021,,,,,,125--146,125,,,,,,,,,,,,,,,,,,,english,false,,,quaranto;stanley_j,,,1:political_philosophy;2:ideology;3:propaganda
135402,book,quarantotto_d:2006,,,2006,,"Causa finale, sostanza, essenza in Aristotele.~Saggi sulla struttura dei processi teleologici","Causa finale, sostanza, essenza in Aristotele. Saggi sulla struttura dei processi teleologici",,,,,,,,,,,,,Napoli,,,bibliopolis,,,,,,,,,,,,,italian,false,,,quarantotto_d,,,1:explanation;2:teleological_explanation
135403,incollection,quarantotto_d:2014,,,2014,,Aristotle's Natural Teleology Seen from Above: A `Cosmogony' of the Means-Goal Relation,Aristotle's Natural Teleology Seen from Above: A ‘Cosmogony' of the Means-Goal Relation,,,tuominen-etal:2014,,,,,,31--49,31,,,,,,,,,,,,,,,,,,,english,false,,,quarantotto_d,,,1:explanation;2:teleological_explanation
135404,incollection,quarantotto_d:2015,,,2015,,A Dynamic Ontology: On How Aristotle Arrived at the Conclusion that Eternal Change Accomplishes \emph{ousia},A Dynamic Ontology: On How Aristotle Arrived at the Conclusion that Eternal Change Accomplishes ousia,,,leunissen:2015,,,,,,162--185,162,,,,,,,,,,,,,,,,,,,english,false,,,quarantotto_d,,,1:time;2:change
135405,book,quarantotto_d:2017,,,2017,,L'universo senza spazio.~Aristotele e la teoria del luogo,L'universo senza spazio. Aristotele e la teoria del luogo,,,,,,,,,,,,,Napoli,,,bibliopolis,,,,,,,,,,,,,italian,false,,,quarantotto_d,,,1:space_spacetime;2:nature_of_spacetime;3:space
135406,incollection,quarantotto_d:2017a,,,2017,,Aristotle's \emph{Problemata}-Style and Aural Textuality,Aristotle's Problemata-Style and Aural Textuality,,,wians-polansky:2017,,,,,,97--126,97,,,,,,,,,,,,,,,,,,,english,false,,,quarantotto_d,,,1:logic;2:history_of_logic
135407,book,quarantotto_d:2018,,,2018,,Aristotle's \emph{Physics} Book I: A Systematic Exploration,Aristotle's Physics Book I: A Systematic Exploration,Aristotle's \emph{Physics} Book I: A Systematic Exploration,Aristotle's Physics Book I: A Systematic Exploration,,,,,,,,,,,Cambridge,,,cambridge-university-press,,,,,,,,,,,10.1017/9781108181853,,english,false,,,,quarantotto_d,,1:time;2:change
135408,incollection,quarantotto_d:2018a,,,2018,,"The Role, Structure and Status of Aristotle's \emph{Physics} I","The Role, Structure and Status of Aristotle's Physics I",,,quarantotto_d:2018,,,,,,1--40,1,,,,,,,,,,,,,,,,,,,english,false,,,quarantotto_d,,,1:history_of_philosophy;2:aristotle_s_physics
135409,article,quarch:2016,,,2016,,Wesen der Verbundenheit,Wesen der Verbundenheit,,,,philosophie-ch,,,,,,,,,,,,,,,,,,,,,,,,https://www.philosophie.ch/2016-11-26-quarch,german,false,,cc-by-3,quarch,,,
135410,article,quarch:2016a,,,2016,,"Ein gutes Gespr{\""a}ch ist die beste Medizin",Ein gutes Gespräch ist die beste Medizin,,,,philosophie-ch,,,,,,,,,,,,,,,,,,,,,,,,https://www.philosophie.ch/2016-12-04-quarch,german,false,,cc-by-3,quarch,,,
135411,article,quarch:2017,,,2017,,"Im Haus der Sprache: Heimat ist, wo man sich zugeh{\""o}rig weiss","Im Haus der Sprache: Heimat ist, wo man sich zugehörig weiss",,,,philosophie-ch,,,,,,,,,,,,,,,,,,,,,,,,https://www.philosophie.ch/2017-07-04-quarch,german,false,,cc-by-3,quarch,,,
135412,book,quarch:2018,,,2018,,Platon und die Folgen,Platon und die Folgen,,,,,,,,,,,,,Stuttgart,,,jb-metzler,,,,,,,,,,,,,german,false,,,quarch,,,1:history_of_philosophy
135413,article,quarch:2018a,,,2018,,Verantwortung -- Eine philosophische Betrachtung zur aktuellen politischen Situation in Deutschland,Verantwortung – Eine philosophische Betrachtung zur aktuellen politischen Situation in Deutschland,,,,philosophie-ch,,,,,,,,,,,,,,,,,,,,,,,,https://www.philosophie.ch/2018-01-09-quarch,german,false,,cc-by-3,quarch,,,
135414,article,quarch:2018b,,,2018,,Homo analogus,Homo analogus,,,,philosophie-ch,,,,,,,,,,,,,,,,,,,,,,,,https://www.philosophie.ch/2018-02-19-quarch,german,false,,cc-by-3,quarch,,,
135415,book,quarfood:2004,,,2004,,Transcendental Idealism and the Organism.~Essays on Kant,Transcendental Idealism and the Organism. Essays on Kant,Transcendental Idealism and the Organism.~Essays on Kant,Transcendental Idealism and the Organism. Essays on Kant,,,,,26,26,,,,stockholm_studies_in_philosophy,Stockholm,,,almqvist-wiksell,,,,,,,,,,,,,english,false,,,quarfood,,,1:metaphysics;2:transcendental_idealism;3:dual_aspect_theory
135416,incollection,quarfood:2004a,,,2004,,The Thing in Itself.~Methodological Perspective or Metaphysical Entity?,The Thing in Itself. Methodological Perspective or Metaphysical Entity?,,,quarfood:2004,,,,,,16--65,16,,,,,,,,,,,,,,,,,,,english,false,,,quarfood,,,1:metaphysics;2:transcendental_idealism;3:dual_aspect_theory
135417,incollection,quarfood:2011,,,2011,,Discursivity and Transcendental Idealism,Discursivity and Transcendental Idealism,,,schulting-verburght:2011,,,,,,143--158,143,,,,,,,,,,,,,,,,,,,english,false,,,quarfood,,,1:metaphysics;2:transcendental_idealism
135418,incollection,quarfood:2014,,,2014,,The Antinomy of Teleological Judgment: What It Is and How It Is Solved,The Antinomy of Teleological Judgment: What It Is and How It Is Solved,,,goy_i-watkins:2014,,,,,,167--184,167,,,,,,,,,,,,,,,,,,,english,false,,,quarfood,,,1:explanation;2:teleological_explanation
135419,incollection,quarfood:2018,,,2018,,A Kantian Perspective on Michael Thompson's Logic of Life,A Kantian Perspective on Michael Thompson's Logic of Life,,,waibel_vl-etal:2018e,,,,,,3813--3820,3813,,,,,,,,,,,,,,,,,,,english,false,,,quarfood,,,1:biology;2:life
135420,UNKNOWN,quartenoud:2019,,,2019,,Pr{\'e}sentisme et {\'e}ternalisme.~Un voile sur l'existence du temps,Présentisme et éternalisme. Un voile sur l'existence du temps,,,,,,,,,,,,,Lausanne,,d_e_partement_de_philosophie_universit_e_de_lausanne,,M{\'e}moire de licence,,,,,,,,,,,https://iris.unil.ch/handle/iris/60933,french,false,,,quartenoud,,,
135421,incollection,quarteroni:2001,,,2001,,Modeling the Cardiovascular System: A Mathematical Challenge,Modeling the Cardiovascular System: A Mathematical Challenge,,,engquist-schmid:2001,,,,,,961--970,961,,,,,,,,,,,,,,,,,,,english,false,,,quarteroni,,,1:medicine
135422,incollection,quartier:2018,,,2018,,Mysticism,Mysticism,,,moreman_cm:2018,,,,,,267--276,267,,,,,,,,,,,,,,,,,,,english,false,,,quartier,,,1:religion;2:religious_experience;3:mysticism
135423,incollection,quash_b:2004,,,2004,,The Theo-Drama,The Theo-Drama,,,oakes_et-moss:2004,,,,,,143--157,143,,,,,,,,,,,,,,,,,,,english,false,,,quash_b,,,1:religion;2:theology
135424,book,quastler:1957,,,1957,,Information Theory in Psychology: Problems and Methods,Information Theory in Psychology: Problems and Methods,Information Theory in Psychology: Problems and Methods,Information Theory in Psychology: Problems and Methods,,,,,,,,,,,"Glencoe, Illinois",,,the-free-press,,,,,,,,,,,,,english,false,,,,quastler,,1:ai
135425,incollection,quattrone_ga-tversky:1986,,,1986,,Self-Deception and the Voter's Illusion,Self-Deception and the Voter's Illusion,,,elster:1986b,,,,,,35--58,35,,,,,,,,,,,,,,,,,,,english,false,,,quattrone_ga;tversky_a,,,1:knowledge;2:self_knowledge;3:self_deception
135426,incollection,quay:1984,,,1984,,Temporality and the Structure of Physics as Human Endeavor,Temporality and the Structure of Physics as Human Endeavor,,,cohen_rs-wartofsky:1984a,,,,,,199--230,199,,,,,,,,,,,,,,,,,,,english,false,,,quay,,,1:space_spacetime;2:physical_time;3:time_in_relativity_theory
135427,article,queloz:2018a,,,2018,,Williams's Pragmatic Genealogy and Self-Effacing Functionality,Williams's Pragmatic Genealogy and Self-Effacing Functionality,,,,philosophers-imprint,18,18,17,17,,,,,,,,,,,,,,,,,,http://hdl.handle.net/2027/spo.3521354.0018.017,,http://hdl.handle.net/2027/spo.3521354.0018.017,english,false,,,queloz,,,
135428,article,queloz:2019,,,2019,,"The Points of Concepts: Their Types, Tensions, and Connections","The Points of Concepts: Their Types, Tensions, and Connections",,,,canadian-journal-of-philosophy,49,49,8,8,1122--1145,1122,,,,,,,,,,,,,,,,,,,english,false,,,queloz,,,1:representation;2:concepts
135429,book,queloz:2021,,,2021,,The Practical Origins of Ideas: Genealogy as Conceptual Reverse-Engineering,The Practical Origins of Ideas: Genealogy as Conceptual Reverse-Engineering,,,,,,,,,,,,,Oxford,,,oxford-university-press,,,,,,,,,,,10.1093/oso/9780198868705.001.0001,,english,false,,,queloz,,,1:representation;2:concepts
135430,incollection,queloz:2023,,,2023,,Debunking Concepts,Debunking Concepts,,,midwest:2023,,,,,,195--225,195,,,,,,,,,,,,,,,,,10.5840/msp2023111347,,english,false,,,queloz,,,
135431,UNKNOWN,quemin:1976,,,1976,,L'intelligence faite pour Dieu chez saint Thomas d'Aquin,L'intelligence faite pour Dieu chez saint Thomas d'Aquin,,,,,,,,,,,,,Fribourg,,d_e_partement_de_philosophie_universit_e_de_fribourg,,Travail de licence,,,,,,,,,,,,french,false,,,quemin,,,
135432,book,quen:1986,,,1986,,Split Minds/Split Brains: Historical and Current Perspectives,Split Minds/Split Brains: Historical and Current Perspectives,Split Minds/Split Brains: Historical and Current Perspectives,Split Minds/Split Brains: Historical and Current Perspectives,,,,,,,,,,,New York,,,new-york-university-press,,,,,,,,,,,,,english,false,,,,quen,,
135433,book,quenet:2005,,,2005,,Les tremblements de terre en France aux XVIIe et XVIIIe si{\'e}cles : la naissance d'un risque,Les tremblements de terre en France aux XVIIe et XVIIIe siécles : la naissance d'un risque,,,,,,,,,,,,,Seyssel (Ain),,,champ-vallon,,,,,,,,,,,,,french,false,,,quenet,,,1:science
135434,incollection,quenteltouche:2011,,,2011,,Charles V's Visual Definition of the Queen's Virtues,Charles V's Visual Definition of the Queen's Virtues,,,green_k-mews:2011,,,,,,53--80,53,,,,,,,,,,,,,,,,,,,english,false,,,quenteltouche,,,1:ethics;2:virtue_ethics
135435,article,quentin_b:2006,,,2006,,Hegel et la mati{\'e}re: Le philosophe allemand a-t-il encore quelque chose {\'a} nous dire?,Hegel et la matiére: Le philosophe allemand a-t-il encore quelque chose á nous dire?,,,,les-etudes-philosophiques,60,60,4,4,537--556,537,,,,,,,,,,,,,,,,,,,french,false,,,quentin_b,,,1:ontology;2:matter
135436,book,quentin_b:2008,,,2008,,Hegel et le scepticisme,Hegel et le scepticisme,,,,,,,,,,,,ouverture_philosophique,Paris,,,l-harmattan,,,,,,,,,,,,,french,false,,,quentin_b,,,1:skepticism
135437,incollection,queponsramirez-exposito:2021,,,2021,,Ludwig Landgrebe,Ludwig Landgrebe,,,desantis_d-etal:2021,,,,,,543--548,543,,,,,,,,,Published under the name ``Ignacio Quepons'',Published under the name “Ignacio Quepons”,,,,,,,,,english,false,,,queponsramirez;exposito_n,,,
135438,incollection,queponsramirez:2015,,,2015,,Intentionality of Moods and Horizon Consciousness in Husserl's Phenomenology,Intentionality of Moods and Horizon Consciousness in Husserl's Phenomenology,,,ubiali-wehrle:2015,,,,,,93--104,93,,,,,,,,,,,,,,,,,,,english,false,,,queponsramirez,,,1:metaphysics;2:phenomenology
135439,incollection,quer_j:2012,,,2012,,Quantificational Strategies across Language Modalities,Quantificational Strategies across Language Modalities,,,aloni-etal:2012,,,,,,82--91,82,,,,,,,,,,,,,,,,,,,english,false,,,quer_j,,,1:language;2:quantifiers
135440,incollection,queralt:2018,,,2018,,Are Economic Liberties Basic Rights?,Are Economic Liberties Basic Rights?,,,brennan_j-etal:2018,,,,,,283--300,283,,,,,,,,,,,,,,,,,,,english,false,,,queralt,,,1:political_philosophy;2:libertarianism
135441,incollection,queralto:1997,,,1997,,Since Indeterminacy: The New Picture of the Physical World at the End of Modernity,Since Indeterminacy: The New Picture of the Physical World at the End of Modernity,,,ginev-cohen:1997,,,,,,253--262,253,,,,,,,,,,,,,,,,,,,english,false,,,queralto,,,1:space_spacetime;2:cosmology
135442,incollection,queralto:2000,,,2000,,"Scientific Realism, Objectivity, and `Technological Realism'","Scientific Realism, Objectivity, and ‘Technological Realism'",,,agazzi_ev-pauri:2000,,,,,,145--152,145,,,,,,,,,,,,,,,,,,,english,false,,,queralto,,,1:science
135443,incollection,queralto:2008,,,2008,,The Philosophical Impact of Technoscience or the Development of a Pragmatic Philosophy of Science,The Philosophical Impact of Technoscience or the Development of a Pragmatic Philosophy of Science,,,agazzi_ev-etal:2008,,,,,,113--125,113,,,,,,,,,,,,,,,,,,,english,false,,,queralto,,,1:technology
135444,article,quercia:2001,,,2001,,Mod{\`e}les de l'homme chez Val{\'e}ry: mat{\'e}rialisme et m{\'e}canisme en se souvenant de Descartes,Modèles de l'homme chez Valéry: matérialisme et mécanisme en se souvenant de Descartes,,,,bulletin-des-etudes-valeryennes,87,87,,,55--115,55,,,,,,,,,,,,,,,,,,,french,false,,,quercia,,,1:social_sciences;2:anthropology
135445,article,quere:1989,,,1989,,Difficile tol{\'e}rance,Difficile tolérance,,,,revue-de-theologie-et-de-philosophie,39,39,2,2,195--209,195,,,,,,,,,,,,,,,,,,,french,false,,,quere,,,1:political_philosophy;2:political_tolerance
135446,book,queron:1986,,,1986,,Pic de la Mirandole -- Contribution {\`a} la connaissance de l'humanisme philosophique renaissant,Pic de la Mirandole – Contribution à la connaissance de l'humanisme philosophique renaissant,,,,,,,,,,,,,Universit{\'e} de Provence,,,service-des-publications,,,,,,,,,,,,,french,false,,,queron,,,1:history_of_philosophy
135447,UNKNOWN,querroges:1968,,,1968,,Orientaciones de Jaime Balmes en el problema de la verdad,Orientaciones de Jaime Balmes en el problema de la verdad,,,,,,,,,,,,,Fribourg,,d_e_partement_de_philosophie_universit_e_de_fribourg,,Travail de licence,,,,,,,,,,,,spanish,false,,,querroges,,,
135448,incollection,quesada_d:1992,,,1992,,The Labyrinth of Attitude Reports,The Labyrinth of Attitude Reports,,,ezquerro-larrazabal:1992,,,,,,209--234,209,,,,,,,,,,,,,,,,,,,english,false,,,quesada_d,,,1:belief;2:belief_reports
135449,article,quesada_d:1993,,,1993,,States of Affairs and the Evolution of Carnap's Semantics,States of Affairs and the Evolution of Carnap's Semantics,,,,logique-et-analyse,36,36,141/142,141,149--157,149,,,,,,,,,,,,,,,,,,,english,false,,,quesada_d,,,1:exemplification;2:states_of_affairs
135450,book,quesada_d:1998,,,1998,,"Saber, opini{\'o}n y ciencia: Una introducci{\'o}n a la teor{\'{\i}}a del conocimiento cl{\'a}sica y contempor{\'a}nea","Saber, opinión y ciencia: Una introducción a la teoría del conocimiento clásica y contemporánea",,,,,,,,,,,,,Madrid,,,tecnos,,,,,,,,,,,,,spanish,false,,,quesada_d,,,1:skepticism
135451,incollection,quesada_d:2003,,,2003,,Basic Self-Knowledge and Externalism,Basic Self-Knowledge and Externalism,,,frapolli-romero:2003,,,,,,187--198,187,,,,,,,,,,,,,,,,,,,english,false,,,quesada_d,,,1:representation;2:content_determination;3:content_externalism
135452,article,quesada_fm:1968,,,1968,,La Objeci{\'o}n de Rieger y el Horizonte de la Ontolog{\'{\i}}a Matem{\'a}tica,La Objeción de Rieger y el Horizonte de la Ontología Matemática,,,,critica-revista-hispanoamericana-de-filosofia,2,2,5,5,57--70,57,,,,,,,,,,,,,,,,,,,spanish,false,,,quesada_fm,,,1:mathematics
135453,article,quesada_fm:1982,,,1982,,La filosof{\'{\i}}a de la l{\'o}gica de N.C.A.~da Costa,La filosofía de la lógica de N.C.A. da Costa,,,,critica-revista-hispanoamericana-de-filosofia,14,14,42,42,65--85,65,,,,,,,,,,,,,,,,,,,spanish,false,,,quesada_fm,,,1:logic;2:relevance_logic
135454,incollection,quesada_fm:1991,,,1991,,Origin and Evolution of the Universe and Mankind,Origin and Evolution of the Universe and Mankind,,,agazzi_ev-cordero:1991,,,,,,441--456,441,,,,,,,,,,,,,,,,,,,english,false,,,quesada_fm,,,1:biology;2:evolution
135455,incollection,quesada_fm:1992,,,1992,,Ayer's Philosophy of Logic and Mathematics,Ayer's Philosophy of Logic and Mathematics,,,hahn_le:1992,,,,,,467--477,467,,,,,,,,,,,,,,,,,,,english,false,,,quesada_fm,,,1:logic
135456,incollection,quesada_fm:1995,,,1995,,Knowledge and Destiny,Knowledge and Destiny,,,kucuradi-cohen:1995,,,,,,219--230,219,,,,,,,,,,,,,,,,,,,english,false,,,quesada_fm,,,1:knowledge
135457,incollection,quesada_fm:1997,,,1997,,"Logic, Mathematics, Ontology","Logic, Mathematics, Ontology",,,agazzi_ev-darvas:1997,,,,,,3--37,3,,,,,,,,,,,,,,,,,,,english,false,,,quesada_fm,,,1:mathematics;2:nature_of_mathematics
135458,incollection,quesada_jf-amores:2002,,,2002,,Knowledge-Based Reference Resolution for Dialogue Management in a Home Domain Environment,Knowledge-Based Reference Resolution for Dialogue Management in a Home Domain Environment,,,bos_j-etal:2002,,,,,,149--154,149,,,,,,,,,,,,,,,,,,,english,false,,,quesada_jf;amores,,,1:pragmatics
135459,book,quesne:2003,,,2003,,Les \emph{Recherches philosophiques} du jeune Heidegger,Les Recherches philosophiques du jeune Heidegger,,,,,,,171,171,,,,phaenomenologica,Dordrecht,,,kluwer-academic-publishers,,,,,,,,,,,,,french,false,,,quesne,,,1:history_of_philosophy
135460,article,quester:1987,,,1987,,Nuclear Deterrence: The Rational and the Political,Nuclear Deterrence: The Rational and the Political,,,,analyse-kritik,9,9,1/2,1,82--96,82,,,,,,,,,,,,,,,,,,,english,false,,,quester,,,1:social_philosophy;2:war;3:deterrence
135461,article,quick_oc:1910,,,1910,,The Humanist Theory of Value: A Criticism,The Humanist Theory of Value: A Criticism,,,,mind,19,19,74,74,218--230,218,,,,,,,,,,,,,,,,,,,english,false,,,quick_oc,,,
135462,incollection,quiggin:2006,,,2006,,Economic Constraints on Public Policy,Economic Constraints on Public Policy,,,moran_m-etal:2006,,,,,,529--542,529,,,,,,,,,,,,,,,,,,,english,false,,,quiggin,,,1:political_philosophy
135463,book,quigley_m:2018,,,2018,,"Self-Ownership, Property Rights, and the Human Body: A Legal and Philosophical Analysis","Self-Ownership, Property Rights, and the Human Body: A Legal and Philosophical Analysis",,,,,,,,,,,,,Cambridge,,,cambridge-university-press,,,,,,,,,,,10.1017/9781139568326,,english,false,,,quigley_m,,,1:economics;2:property
135464,incollection,quigley_m:2018a,,,2018,,"Libertarian Paternalism, Nudging, and Public Policy","Libertarian Paternalism, Nudging, and Public Policy",,,grill-hanna:2018,,,,,,223--235,223,,,,,,,,,,,,,,,,,,,english,false,,,quigley_m,,,1:political_philosophy;2:authority;3:paternalism
135465,article,quigley_p:2003,,,2003,,Review of \citet{meheus:2002},Review of Meheus (2002),,,,philosophy-of-science,70,70,3,3,637--639,637,,,,,,,,,,,,,,,,,,,english,false,,,quigley_p,,,1:physics
135466,incollection,quijano:1998,,,1998,,Notes about the Phenomenology of Jos{\'e} Gaos,Notes about the Phenomenology of José Gaos,,,tymieniecka:1998b,,,,,,331--344,331,,,,,,,,,,,,,,,,,,,english,false,,,quijano,,,1:metaphysics;2:phenomenology
135467,incollection,quijano:1998a,,,1998,,The Husserl Dictionary and the Guide for Translating Husserl into Spanish,The Husserl Dictionary and the Guide for Translating Husserl into Spanish,,,tymieniecka:1998b,,,,,,395--406,395,,,,,,,,,,,,,,,,,,,english,false,,,quijano,,,
135468,incollection,quilici:1989,,,1989,,Detecting and Responding to Plan-Oriented Misconceptions,Detecting and Responding to Plan-Oriented Misconceptions,,,kobsa-wahlster:1989,,,,,,108--132,108,,,,,,,,,,,,,,,,,,,english,false,,,quilici,,,1:computation;2:computer_science
135469,article,quillen:1986,,,1986,,Propositional Attitudes and Psychological Explanation,Propositional Attitudes and Psychological Explanation,,,,mind-and-language,1,1,,,133--157,133,,,,,,,,,,,,,,,,,,,english,false,,,quillen,,,1:representation;2:objects_of_propositional_attitudes;3:objects_of_belief
135470,incollection,quillet_j:1963,,,1963,,L'aristot{\'e}lisme de Marsile de Padoue,L'aristotélisme de Marsile de Padoue,,,wilpert-eckert:1963,,,,,,696--706,696,,,,,,,,,,,,,,,,,,,french,false,,,quillet_j,,,1:history_of_philosophy
135471,incollection,quillet_j:1981,,,1981,,Herm{\'e}neutique du discours all{\'e}gorique dans ``le Songe du Vieil P{\'e}lerin'' de Philippe de Maizi{\`e}res,Herméneutique du discours allégorique dans “le Songe du Vieil Pélerin” de Philippe de Maizières,,,kluxen_w:1981a,,,,,,1084--1093,1084,,,,,,,,,,,,,,,,,,,french,false,,,quillet_j,,,1:pragmatics;2:metaphor;3:allegory
135472,article,quillian:1967,,,1967,,Word Concepts: A Theory and Simulation of Some Basic Semantic Capabilities,Word Concepts: A Theory and Simulation of Some Basic Semantic Capabilities,,,,behavioral-science,12,12,,,410--430,410,,,,,,,,,Reprinted in \citet[97--118]{brachman-levesque:1995},Reprinted in Brachman and Levesque (1995),,,,,,,,,english,false,,,quillian,,,1:information;2:knowledge_representation;3:semantic_networks
135473,incollection,quillian:1968,,,1968,,Semantic Memory,Semantic Memory,,,minsky:1968,,,,,,227--270,227,,,,,,,,,,,,,,,,,,,english,false,,,quillian,,,1:information;2:knowledge_representation;3:semantic_networks
135474,book,quillien:1994,,,1994,,Dictionnaire politique de Ren{\'e} Descartes,Dictionnaire politique de René Descartes,,,,,,,,,,,,,Paris,,,presses-universitaires-de-france,,,,,,,,,,,,,french,false,,,quillien,,,1:dictionary
135475,book,quilliot:1997,,,1997,,La v{\'e}rit{\'e},La vérité,La v{\'e}rit{\'e},La vérité,,,,,,,,,,ellipses,Paris,,,philosup,,,,,,,,,,,,,french,false,,,quilliot,,,1:truth
135476,book,quilliot:2004,,,2004,,Philosophie de Woody Allen,Philosophie de Woody Allen,,,,,,,,,,,,cin_e_ma_et_philosophie,Paris,,,ellipses,,,,,,,,,,,,,french,false,,,quilliot,,,1:aesthetics
135477,incollection,quilter_j:2014,,,2014,,The Canberra Plan and the Diversification of Autralasian Philosophy: 1990s,The Canberra Plan and the Diversification of Autralasian Philosophy: 1990s,,,oppy-trakakis:2014,,,,,,241--290,241,,,,,,,,,,,,,,,,,,,english,false,,,quilter_j,,,2:functionalism;3:functionalism_in_the_philosophy_of_mind
135478,article,quiltydunn_j-mandelbaum:2018,,,2018,,Inferential Transitions,Inferential Transitions,,,,australasian-journal-of-philosophy,96,96,3,3,532--547,532,,,,,,,,,,,,,,,,,,,english,false,,,quiltydunn_j;mandelbaum_e,,,1:logic;2:entailment;3:inferring
135479,article,quiltydunn_j:2013,,,2013,,Was Reid a Direct Realist?,Was Reid a Direct Realist?,,,,british-journal-for-the-history-of-philosophy,21,21,2,2,302--323,302,,,,,,,,,,,,,,,,,,,english,false,,,quiltydunn_j,,,1:perception
135480,article,quiltydunn_j:2015,,,2015,,Believing in Perceiving: Known Illusions and the Classical Dual-Component Theory,Believing in Perceiving: Known Illusions and the Classical Dual-Component Theory,,,,pacific-philosophical-quarterly,96,96,,,550--575,550,,,,,,,,,,,,,,,,,,,english,false,,,quiltydunn_j,,,1:perception;2:illusions;3:argument_from_illusion
135481,article,quiltydunn_j:2019,,,2019,,Unconscious Perception and Phenomenal Coherence,Unconscious Perception and Phenomenal Coherence,,,,analysis,79,79,3,3,461--469,461,,,,,,,,,,,,,,,,,,,english,false,,,quiltydunn_j,,,1:perception;2:unconscious_perception
135482,article,quiltydunn_j:2019a,,,2019,,Reid's Doxastic Theory of Perception,Reid's Doxastic Theory of Perception,,,,philosophers-imprint,19,19,31,31,,,,,,,,,,,,,,,,,,http://hdl.handle.net/2027/spo.3521354.0019.031,,http://hdl.handle.net/2027/spo.3521354.0019.031,english,false,,,quiltydunn_j,,,
135483,incollection,quiltydunn_j:2020,,,2020,,Concepts and Predication From Perception to Cognition,Concepts and Predication From Perception to Cognition,,,phil-issues:2020,,,,,,273--292,273,,,,,,,,,,,,,,,,,10.1111/phis.12185,,english,false,,,quiltydunn_j,,,
135484,book,quinche:2005,,,2005,,La d{\'e}lib{\'e}ration {\'e}thique.~Contribution du dialogisme et de la logique des questions,La délibération éthique. Contribution du dialogisme et de la logique des questions,,,,,,,,,,,,,Paris,,,editions-kime,,,,,,,,,,,,,french,false,,,quinche,,,1:ethics
135485,article,quincy:2009,,,2009,,Plato and Shakespeare on Love,Plato and Shakespeare on Love,,,,history-of-philosophy-quarterly,26,26,2,2,103--120,103,,,,,,,,,,,,,,,,,,,english,false,,,quincy,,,1:feeling;2:friendship;3:love
135486,article,quine-etal:1962,,,1962,,Discussion on the Paper of Ruth B.~Marcus \citep{marcus_rb:1961},"Discussion on the Paper of Ruth B. Marcus (Marcus, 1961)",,,,synthese,14,14,2/3,2,132--143,132,,,,,,,,,,,,,,,,,,,english,false,,,quine;marcus_rb;kripke_s;mccarthy_j;follesdal_d,,,1:modality;2:de_dicto_de_re
135487,article,quine-goodman:1947,,,1947,,Steps toward a Constructive Nominalism,Steps toward a Constructive Nominalism,,,,the-journal-of-symbolic-logic,12,12,,,105--122,105,,,,,,,,,Reprinted in \citet[173--198]{goodman_n:1972},Reprinted in Goodman (1972),,,,,,,,,english,false,,,quine;goodman_n,,,1:mathematics;2:nature_of_mathematics;3:mathematical_nominalism
135488,book,quine-ullian:1970,,,1970,,The Web of Belief,The Web of Belief,,,,,,,,,,,,,New York,,,random-house,,,Second edition: \citet{quine-ullian:1978},Second edition: Quine and Ullian (1978),,,,,,,,,english,false,,,quine;ullian,,,1:epistemology;2:metaepistemology;3:naturalised_epistemology
135489,book,quine-ullian:1978,,,1978,,The Web of Belief,The Web of Belief,,,,,,,,,,,,,New York,,,mc-graw-hill-inc,,2,First edition: \citet{quine-ullian:1970},First edition: Quine and Ullian (1970),,,,,,,,,english,false,,,quine;ullian,,,1:epistemology;2:metaepistemology;3:naturalised_epistemology
135490,article,quine:1932,,,1932,,A Note on Nicod's Postulate,A Note on Nicod's Postulate,,,,mind,41,41,163,163,345--350,345,,,,,,,,,,,,,,,,,,,english,false,,,quine,,,1:logic;2:propositional_logic
135491,incollection,quine:1941b,,,1941,,Whitehead and the Rise of Modern Logic,Whitehead and the Rise of Modern Logic,,,schilpp:1941,,,,,,125--164,125,,,,,,,,,Reprinted in \citet[3--36]{quine:1966a},Reprinted in Quine (1966),,,,,,,,,english,false,,,quine,,,1:logic;2:history_of_logic
135492,incollection,quine:1951f,,,1951,,The Ordered Pair in Number Theory,The Ordered Pair in Number Theory,,,henle_p-etal:1951,,,,,,84--90,84,,,,,,,,,,,,,,,,,,,english,false,,,quine,,,1:mathematics;2:arithmetic
135493,article,quine:1965a,,,1965,,J.L.~Austin: Comment,J.L. Austin: Comment,,,,the-journal-of-philosophy,62,62,19,19,509--510,509,,,,,,,,,,,,,,,,,,,english,false,,,quine,,,
135494,book,quine:1966a,,,1966,,Selected Logic Papers,Selected Logic Papers,Selected Logic Papers,Selected Logic Papers,,,,,,,,,,,New York,,,random-house,,,Second edition: \citet{quine:1995c},Second edition: Quine (1995),,,,,,,,,english,false,,,quine,,,1:logic
135495,article,quine:1966b,,,1966,,Russell's Ontological Development,Russell's Ontological Development,,,,the-journal-of-philosophy,63,63,21,21,657--667,657,,,,,,,,,"Reprinted in \citet[304--314]{schoenman:1967}, in \citet[3--14]{klemke_ed:1970}, in \citet[290--304]{pears:1972} and in \citet[73--85]{quine:1981}","Reprinted in Schoenman (1967), in Klemke (1970), in Pears (1972) and in Quine (1981)",,,,,,,,,english,false,,,quine,,,1:ontology
135496,incollection,quine:1967,,,1967,,Three Remarks [discussion of \citet{sommers_f:1967}],Three Remarks [discussion of Sommers (1967)],,,lakatos:1967,,,,,,70--71,70,,,,,,,,,,,,,,,,,,,english,false,,,quine,,,1:metaphysics;2:totality;3:totality_facts
135497,incollection,quine:1970f,,,1970,,Russell's Theory of Types,Russell's Theory of Types,,,klemke_ed:1970,,,,,,372--387,372,,,,,,,,,Reprint of \citet[241--258]{quine:1969g},Reprint of Quine (1969),,,,,,,,,english,false,,,quine,,,1:properties;2:token_type
135498,incollection,quine:1970g,,,1970,,Grades of Theoreticity,Grades of Theoreticity,,,foster_l-swanson:1970,,,,,,1--18,1,,,,,,,,,,,,,,,,,,,english,false,,,quine,,,1:structuralism;2:informational_structuralism;3:theoretical_terms
135499,incollection,quine:1971a,,,1971,,Predicate-Functor Logic,Predicate-Functor Logic,,,fenstad:1971,,,,,,308--316,308,,,,,,,,,,,,,,,,,,,english,false,,,quine,,,1:exemplification;2:subject_predicate;3:predicate_functor_logic
135500,incollection,quine:1972e,,,1972,,Remarks for a Memorial Symposium,Remarks for a Memorial Symposium,,,pears:1972,,,,,,1--5,1,,,,,,,,,,,,,,,,,,,english,false,,,quine,,,1:history_of_philosophy
135501,article,quine:1974a,,,1974,,Comment on Donald \citet{davidson_d:1968},Comment on Donald Davidson (1968),,,,synthese,27,27,3,3,325--329,325,,,,,,,,,,,,,,,,,,,english,false,,,quine,,,1:representation;2:metarepresentation;3:indirect_discourse
135502,article,quine:1976c,,,1976,,Worlds Away,Worlds Away,,,,the-journal-of-philosophy,73,73,22,22,859--863,859,,,,,,,,,Reprinted in \citet[124--128]{quine:1981},Reprinted in Quine (1981),,,,,,,,,english,false,,,quine,,,1:modality;2:possible_worlds
135503,book,quine:1976d,,,1976,,Philosophie de la logique,Philosophie de la logique,,,,,,,,,,,,,Paris,,,aubier-montaigne,,,Traduction de \citet{quine:1970} par J.~Largeault,Traduction de Quine (1970) par J. Largeault,,,,,,,,,french,true,,,quine,,,1:logic;2:philosophy_of_logic
135504,incollection,quine:1976h,,,1976,,"A Comment on Gr{\""u}nbaum's Claim [on \citet{gruenbaum_a:1960}]",A Comment on Grünbaum's Claim [on Grünbaum (1960)],,,harding_s:1976,,,,,,132,132,,,,,,,,,,,,,,,,,,,english,false,,,quine,,,1:science;2:confirmation;3:confirmational_holism
135505,book,quine:1977c,,,1977,,Relativit{\'e} de l'ontologie et autres essais,Relativité de l'ontologie et autres essais,,,,,,,,,,,,,Paris,,,aubier-montaigne,,,Traduction de \citet{quine:1969} par J.~Largeault,Traduction de Quine (1969) par J. Largeault,,,,,,,,,french,true,,,quine,,,1:ontology
135506,article,quine:1978a,,,1978,,Use and its Place in Meaning,Use and its Place in Meaning,,,,erkenntnis,13,13,,,1--8,1,,,,,,,,,Reprinted in \citet{margalit:1979} and in \citet[43--55]{quine:1981},Reprinted in Margalit (1979) and in Quine (1981),,,,,,,,,english,false,,,quine,,,1:representation;2:meaning
135507,incollection,quine:1978b,,,1978,,On the Nature of Moral Values,On the Nature of Moral Values,,,goldman_ai-kim:1978,,,,,,37--46,37,,,,,,,,,Reprinted in \citet[55--66]{quine:1981},Reprinted in Quine (1981),,,,,,,,,english,false,,,quine,,,1:ethics
135508,article,quine:1978c,,,1978,,Postscript on Metaphor [on \citet{davidson_d:1978}],Postscript on Metaphor [on Davidson (1978)],,,,critical-inquiry,5,5,1,1,161--162,161,,,,,,,,,Reprinted in \citet[187--189]{quine:1981},Reprinted in Quine (1981),,,,,,,,,english,false,,,quine,,,1:pragmatics;2:metaphor
135509,incollection,quine:1980,,,1980,,The Variable and its Place in Reference,The Variable and its Place in Reference,,,vanstraaten:1980,,,,,,164--173,164,,,,,,,,,,,,,,,,,,,english,false,,,quine,,,1:representation;2:coordination;3:variables
135510,article,quine:1980b,,,1980,,"Sellars on Behaviorism, Language, and Meaning","Sellars on Behaviorism, Language, and Meaning",,,,pacific-philosophical-quarterly,61,61,1/2,1,26--30,26,,,,,,,,,,,,,,,,,,,english,false,,,quine,,,1:psychology;2:behaviourism
135511,incollection,quine:1980c,,,1980,,Le domaine et le langage de la science,Le domaine et le langage de la science,,,jacob_p:1980,,,,,,219--240,219,,,,,,,,,Traduction de \citet{quine:1957} par P.~Jacob,Traduction de Quine (1957) par P. Jacob,,,,,,,,,french,true,,,quine,,,1:science
135512,incollection,quine:1980d,,,1980,,Les deux dogmes de l'empirisme,Les deux dogmes de l'empirisme,,,jacob_p:1980,,,,,,93--121,93,,,,,,,,,Traduction de \citet{quine:1951} par P.~Jacob,Traduction de Quine (1951) par P. Jacob,,,,,,,,,french,true,,,quine,,,1:metaphilosophy;2:naturalism
135513,incollection,quine:1981f,,,1981,,Success and Limits of Mathematization,Success and Limits of Mathematization,,,quine:1981,,,,,,148--155,148,,,,,,,,,,,,,,,,,,,english,false,,,quine,,,1:mathematics;2:arithmetic
135514,incollection,quine:1981o,,,1981,,"Grammar, Truth, and Logic","Grammar, Truth, and Logic",,,kanger-oehman:1981,,,,,,17--28,17,,,,,,,,,,,,,,,,,,,english,false,,,quine,,,1:ontology;2:ontological_commitment
135515,incollection,quine:1981p,,,1981,,Reply to \citet{chihara:1981},Reply to Chihara (1981),,,,,,,,,453--454,453,,,,,,,,,,,,,,,,,,,english,false,,,quine,,,1:method;2:induction;3:induction_and_probability
135516,incollection,quine:1981q,,,1981,,Reply to \citet{stroud_b:1981},Reply to Stroud (1981),,,,,,,,,473--476,473,,,,,,,,,,,,,,,,,,,english,false,,,quine,,,1:epistemology
135517,article,quine:1981r,,,1981,,Replies to Eleven Essays,Replies to Eleven Essays,,,,philosophical-topics,12,12,1,1,227--243,227,,,,,,,,,,,,,,,,,,,english,false,,,quine,,,1:varia
135518,incollection,quine:1983a,,,1983,,Gegenstand und Beobachtung,Gegenstand und Beobachtung,,,henrich_d:1983,,,,,,412--422,412,,,,,,,,,,,,,,,,,,,german,false,,,quine,,,1:metaphilosophy
135519,article,quine:1984a,,,1984,,Carnap's Positivistic Travail,Carnap's Positivistic Travail,,,,fundamenta-scientiae,5,5,3/4,3,325--333,325,,,,,,,,,,,,,,,,,,,english,false,,,quine,,,1:metaphysics;2:empiricism
135520,article,quine:1985a,,,1985,,States of Mind,States of Mind,,,,the-journal-of-philosophy,82,82,,,5--8,5,,,,,,,,,Reprinted in \citet[287--288]{rosenthal_dm:1991},Reprinted in Rosenthal (1991),,,,,,,,,english,false,,,quine,,,
135521,article,quine:1985b,,,1985,,MacHale on Boole,MacHale on Boole,,,,the-times-literary-supplement,,,,,767,767,,,,,,,,,Reprinted in \citet[251--257]{quine:1995c},Reprinted in Quine (1995),,,,,,,,,english,false,,,quine,,,
135522,article,quine:1985c,,,1985,,"Four Hot Questions in Philosophy [review of Strawson, Skepticism and Naturalism]","Four Hot Questions in Philosophy [review of Strawson, Skepticism and Naturalism]",,,,the-new-york-review-of-books,,,,,,,,,,,,,,,,,,,,,,,,https://www.nybooks.com/articles/1985/02/14/four-hot-questions-in-philosophy/,english,false,,,quine,,,1:metaphilosophy
135523,incollection,quine:1986y,,,1986,,Introduction [to ``Probl{\`e}mes de la r{\'e}f{\'e}rence''],Introduction [to “Problèmes de la référence”],,,cauchy_v:1986,,,,,,225--227,225,,,,,,,,,,,,,,,,,,,english,false,,,quine,,,1:reference
135524,article,quine:1988,,,1988,,Logical Correspondence with Russell,Logical Correspondence with Russell,,,,russell-the-journal-of-bertrand-russell-studies-new-series,8,8,1/2,1,225--231,225,,,,,,,,,,,,,,,,,,,english,false,,,quine,,,1:mathematics
135525,article,quine:1988a,,,1988,,A Comment on \citet{agassi:1988},A Comment on Agassi (1988),,,,zeitschrift-fur-allgemeine-wissenschaftstheorie-journal-for-general-philosophy-of-science,19,19,1,1,117--118,117,,,,,,,,,,,,,,,,,,,english,false,,,quine,,,1:representation;2:meaning_skepticism;3:indeterminacy_of_translation
135526,book,quine:1992a,,,1992,,Quiddit{\'e}s,Quiddités,,,,,,,,,,,,,Paris,,,editions-du-seuil,,,Traduction de \citet{quine:1987},Traduction de Quine (1987),,,,,,,,,french,true,,,quine,,,1:dictionary
135527,incollection,quine:1994,,,1994,,Truth,Truth,,,floistad:1994,,,,,,1--20,1,,,,,,,,,,,,,,,,,,,english,false,,,quine,,,1:truth
135528,book,quine:1995c,,,1995,,Selected Logic Papers,Selected Logic Papers,Selected Logic Papers,Selected Logic Papers,,,,,,,,,,,"Cambridge, Massachusetts",,,harvard-university-press,,2,First edition: \citet{quine:1966a},First edition: Quine (1966),,,,,,,,,english,false,,,quine,,,1:logic
135529,incollection,quine:1995e,,,1995,,Peirce's Logic,Peirce's Logic,,,quine:1995c,,,,,,258--265,258,,,,,,,,,,,,,,,,,,,english,false,,,quine,,,1:logic;2:history_of_logic
135530,incollection,quine:1995f,,,1995,,"Free Logic, Description, and Virtual Classes","Free Logic, Description, and Virtual Classes",,,quine:1995c,,,,,,278--285,278,,,,,,,,,,,,,,,,,,,english,false,,,quine,,,1:logic;2:free_logic
135531,incollection,quine:1995g,,,1995,,The Inception of ``New Foundations'',The Inception of “New Foundations”,,,quine:1995c,,,,,,286--289,286,,,,,,,,,,,,,,,,,,,english,false,,,quine,,,1:logic;2:history_of_logic
135532,incollection,quine:1995h,,,1995,,Pythagorean Triples and Fermat's Last Theorem,Pythagorean Triples and Fermat's Last Theorem,,,quine:1995c,,,,,,290--291,290,,,,,,,,,,,,,,,,,,,english,false,,,quine,,,1:mathematics
135533,incollection,quine:1997,,,1997,,The Flowering of Thought in Language,The Flowering of Thought in Language,,,preston_jm:1997,,,,,,171--176,171,,,,,,,,,,,,,,,,,,,english,false,,,quine,,,2:cognition;3:thinking
135534,article,quine:1997a,,,1997,,Mission to Brazil,Mission to Brazil,,,,logique-et-analyse,40,40,157,157,5--8,5,,,,,,,,,,,,,,,,,,,english,false,,,quine,,,1:logic;2:paraconsistent_logic
135535,incollection,quine:2001,,,2001,,Confessions of a Confirmed Extensionalist,Confessions of a Confirmed Extensionalist,,,floyd_j-shieh:2001,,,,,,215--222,215,,,,,,,,,,,,,,,,,,,english,false,,,quine,,,1:language
135536,book,quine:2001a,,,2001,,Acerca del conocimiento cient{\'{\i}}fico y otros dogmas,Acerca del conocimiento científico y otros dogmas,Acerca del conocimiento cient{\'{\i}}fico y otros dogmas,Acerca del conocimiento científico y otros dogmas,,,,,,,,,,,Barcelona,,,universitat-autonoma-de-barcelona,,,Introducci{\'o}n de Francisco Rodr{\'{\i}}guez Consuegra,Introducción de Francisco Rodríguez Consuegra,,,,,,,,,spanish,false,,,quine,,,1:science
135537,incollection,quine:2009,,,2009,,Sur le concept de cons{\'e}quence logique,Sur le concept de conséquence logique,,,bonnay-cozic:2009,,,,,,224--245,224,,,,,,,,,Traduction de \citet{quine:1962},Traduction de Quine (1962),,,,,,,,,french,true,,,quine,,,1:logic;2:entailment;3:logical_consequence
135538,book,quine:2018,,,2018,,The Significance of the New Logic,The Significance of the New Logic,,,,,,,,,,,,,Cambridge,,,cambridge-university-press,,,,,,,,,,,10.1017/9781316831809,,english,false,,,quine,,,1:logic
135539,incollection,quinio-matsuyama:1991,,,1991,,Random Closed Sets: A Unified Approach to the Representation of Imprecision and Uncertainty,Random Closed Sets: A Unified Approach to the Representation of Imprecision and Uncertainty,,,kruse_r-siegel:1991,,,,,,282--286,282,,,,,,,,,,,,,,,,,,,english,false,,,quinio;matsuyama,,,1:action;2:action_formalisms;3:reasoning_about_uncertainty
135540,book,quiniou-frey:2004,,,2004,,"La politique.~2, L'ordre {\'e}tabli, la r{\'e}volution","La politique. 2, L'ordre établi, la révolution",,,,,,,,,,,,15_minutes_pour_comprendre,Vallet (Loire-Atlantique),,,editions-mediter,,,,,,,,,,,,,french,false,,,quiniou;frey_jm,,,1:political_philosophy
135541,book,quiniou:2004,,,2004,,Ath{\'e}isme et mat{\'e}rialisme aujourd'hui,Athéisme et matérialisme aujourd'hui,,,,,,,,,,,,,Nantes,,,editions-pleins-feux,,,,,,,,,,,,,french,false,,,quiniou,,,1:religion;2:atheism
135542,incollection,quinlan:2006,,,2006,,Britain's Wars Since 1945,Britain's Wars Since 1945,,,sorabji-rodin:2006,,,,,,235--244,235,,,,,,,,,,,,,,,,,,,english,false,,,quinlan,,,1:social_philosophy;2:war
135543,incollection,quinlan:2007,,,2007,,A British Political Perspective,A British Political Perspective,,,reed_c-ryall:2007,,,,,,286--294,286,,,,,,,,,,,,,,,,,,,english,false,,,quinlan,,,1:social_philosophy;2:war;3:just_war
135544,article,quinn_a:2016,,,2016,,Phylogenetic Inference to the Best Explanation and the Bad Lot Argument,Phylogenetic Inference to the Best Explanation and the Bad Lot Argument,,,,synthese,193,193,9,9,3025--3039,3025,,,,,,,,,,,,,,,,,,,english,false,,,quinn_a,,,1:explanation;2:abduction
135545,article,quinn_jf:1977,,,1977,,In Re Intention,In Re Intention,,,,proceedings-of-the-aristotelian-society-supplementary-volume,51,51,,,209--219,209,,,,,,,,,,,,,,,,,,,english,false,,,quinn_jf,,,1:representation;2:aboutness
135546,article,quinn_ms:1973,,,1973,,A Puzzle About the Character of God,A Puzzle About the Character of God,,,,the-southwestern-journal-of-philosophy,4,4,1,1,73--80,73,,,,,,,,,,,,,,,,,,,english,false,,,quinn_ms,,,1:religion;2:god
135547,article,quinn_ms:1976,,,1976,,Hoping,Hoping,,,,the-southwestern-journal-of-philosophy,7,7,1,1,53--65,53,,,,,,,,,,,,,,,,,,,english,false,,,quinn_ms,,,1:feeling;2:hope
135548,article,quinn_ms:1977,,,1977,,"Emotions, Actions, and Self-Esteem","Emotions, Actions, and Self-Esteem",,,,the-southwestern-journal-of-philosophy,8,8,2,2,121--127,121,,,,,,,,,,,,,,,,,,,english,false,,,quinn_ms,,,1:feeling;2:emotions
135549,book,quinn_ms:2021,,,2021,,Bentham,Bentham,,,,,,,,,,,,,"Hoboken, New Jersey",,,wiley-blackwell,,,,,,,,,,,,,english,false,,,quinn_ms,,,
135550,book,quinn_pl-taliaferro:1999,,,1999,,A Companion to the Philosophy of Religion,A Companion to the Philosophy of Religion,A Companion to the Philosophy of Religion,A Companion to the Philosophy of Religion,,,,,,,,,,blackwell_companions_to_philosophy,Oxford,,,blackwell-publishers,,1,,,,,,,,,,,english,false,,,,quinn_pl;taliaferro,,1:religion
135551,incollection,quinn_pl:1974,,,1974,,What Duhem Really Meant,What Duhem Really Meant,,,cohen_rs-wartofsky:1974,,,,,,33--56,33,,,,,,,,,,,,,,,,,,,english,false,,,quinn_pl,,,1:science;2:confirmation;3:confirmational_holism
135552,article,quinn_pl:1977,,,1977,,Improved Foundations for a Logic of Intrinsic Value,Improved Foundations for a Logic of Intrinsic Value,,,,philosophical-studies,32,32,1,1,73--81,73,,,,,,,,,Reprinted in \citet[241--248]{ronnowrasmussen-zimmerman:2005},Reprinted in Rønnow-Rasmussen and Zimmerman (2005),,,,,,,10.1007/bf00373716,,english,false,,,quinn_pl,,,2:intrinsic_value
135553,book,quinn_pl:1978,,,1978,,Divine Commands and Moral Requirements,Divine Commands and Moral Requirements,,,,,,,,,,,,,Oxford,,,oxford-university-press,,,,,,,,,,,10.1093/acprof:oso/9780198244134.001.0001,,english,false,,,quinn_pl,,,1:theological_determinism
135554,article,quinn_pl:1978a,,,1978,,"Personal Identity, Bodily Continuity and Resurrection","Personal Identity, Bodily Continuity and Resurrection",,,,international-journal-for-philosophy-of-religion,9,9,2,2,101--113,101,,,,,,,,,,,,,,,,,,,english,false,,,quinn_pl,,,1:religion;2:immortality;3:resurrection
135555,article,quinn_pl:1978b,,,1978,,Divine Foreknowledge and Divine Freedom,Divine Foreknowledge and Divine Freedom,,,,international-journal-for-philosophy-of-religion,9,9,4,4,219--240,219,,,,,,,,,,,,,,,,,,,english,false,,,quinn_pl,,,1:religion;2:theological_determinism
135556,article,quinn_pl:1982,,,1982,,Metaphysical Necessity and Modal Logics,Metaphysical Necessity and Modal Logics,,,,the-monist,65,65,,,444--455,444,,,,,,,,,,,,,,,,,,,english,false,,,quinn_pl,,,1:modality;2:types_of_necessity
135557,incollection,quinn_pl:1983,,,1983,,"Gr{\""u}nbaum on Determinism and the Moral Life",Grünbaum on Determinism and the Moral Life,,,cohen_rs-laudan:1983,,,,,,129--152,129,,,,,,,,,,,,,,,,,,,english,false,,,quinn_pl,,,1:time;2:the_future;3:open_future
135558,incollection,quinn_pl:1984,,,1984,,The Philosopher of Science as Expert Witness,The Philosopher of Science as Expert Witness,,,cushing_jt-etal:1984,,,,,,32--53,32,,,,,,,,,,,,,,,,,,,english,false,,,quinn_pl,,,1:science
135559,incollection,quinn_pl:1985,,,1985,,Plantinga on Foreknowledge and Freedom,Plantinga on Foreknowledge and Freedom,,,tomberlin-vaninwagen:1985,,,,,,271--288,271,,,,,,,,,,,,,,,,,,,english,false,,,quinn_pl,,,1:religion;2:theological_determinism;3:divine_foreknowledge
135560,incollection,quinn_pl:1987,,,1987,,Comments on \citet{laudan_l:1987b},Comments on Laudan (1987),,,fine_a-machamer:1987,,,,,,355--358,355,,,,,,,,,,,,,,,,,,,english,false,,,quinn_pl,,,1:method;2:scientific_method
135561,article,quinn_pl:1988,,,1988,,"``In Adam's Fall, We Sinned All''","“In Adam's Fall, We Sinned All”",,,,philosophical-topics,16,16,2,2,89--118,89,,,,,,,,,,,,,,,,,,,english,false,,,quinn_pl,,,1:religion
135562,incollection,quinn_pl:1988a,,,1988,,"Divine Conservation, Secondary Causes, and Occasionalism","Divine Conservation, Secondary Causes, and Occasionalism",,,morris_tv:1988a,,,,,,50--73,50,,,,,,,,,,,,,,,,,,,english,false,,,quinn_pl,,,1:religion
135563,incollection,quinn_pl:1991,,,1991,,Hell in Amsterdam: Reflections on Camus's \emph{The Fall},Hell in Amsterdam: Reflections on Camus's The Fall,,,,,,,,,89--103,89,,,,,,,,,,,,,,,,,,,english,false,,,quinn_pl,,,1:aesthetics
135564,incollection,quinn_pl:1991a,,,1991,,Epistemic Parity and Religious Argument,Epistemic Parity and Religious Argument,,,phil-perspectives:1991,,,,,,317--341,317,,,,,,,,,,,,,,,,,,,english,false,,,quinn_pl,,,1:religion
135565,incollection,quinn_pl:1992,,,1992,,The Primacy of God's Will in Christian Ethics,The Primacy of God's Will in Christian Ethics,,,phil-perspectives:1992,,,,,,493--513,493,,,,,,,,,,,,,,,,,,,english,false,,,quinn_pl,,,1:religion
135566,article,quinn_pl:1992a,,,1992,,On the Mereology of Boethian Eternity,On the Mereology of Boethian Eternity,,,,international-journal-for-philosophy-of-religion,32,32,1,1,51--60,51,,,,,,,,,,,,,,,,,,,english,false,,,quinn_pl,,,1:complexity
135567,incollection,quinn_pl:1993a,,,1993,,"Creation, Conservation, and the Big Bang","Creation, Conservation, and the Big Bang",,,earman_js-etal:1993,,,,,,589--613,589,,,,,,,,,,,,,,,,,,,english,false,,,quinn_pl,,,1:religion;2:arguments_for_the_existence_of_god;3:argument_from_design
135568,article,quinn_pl:1993b,,,1993,,Social Evil: A Response to \citet{adams_mm:1993},Social Evil: A Response to Adams (1993),,,,philosophical-studies,69,69,2/3,2,187--194,187,,,,,,,,,,,,,,,,,10.1007/bf00990083,,english,false,,,quinn_pl,,,
135569,incollection,quinn_pl:1994,,,1994,,"Swinburne on Guilt, Atonement, and Christian Redemption","Swinburne on Guilt, Atonement, and Christian Redemption",,,padgett_ag:1994,,,,,,277--300,277,,,,,,,,,,,,,,,,,,,english,false,,,quinn_pl,,,1:religion;2:atonement
135570,article,quinn_pl:1995,,,1995,,Towards Thinner Theologies: Hick and Alston on Religious Diversity,Towards Thinner Theologies: Hick and Alston on Religious Diversity,,,,international-journal-for-philosophy-of-religion,38,38,1--3,1,145--164,145,,,,,,,,,Reprinted in \citet[145--164]{long_et:1995},Reprinted in Long (1995),,,,,,,,,english,false,,,quinn_pl,,,1:religion;2:religious_pluralism
135571,incollection,quinn_pl:1996,,,1996,,Relativism about Torture: Religious and Secular Responses,Relativism about Torture: Religious and Secular Responses,,,phillips_dz:1996,,,,,,151--170,151,,,,,,,,,,,,,,,,,,,english,false,,,quinn_pl,,,1:ethics;2:metaethics;3:moral_relativism
135572,incollection,quinn_pl:1997,,,1997,,Tiny Selves: Chisholm on the Simplicity of the Soul,Tiny Selves: Chisholm on the Simplicity of the Soul,,,hahn_le:1997,,,,,,55--67,55,,,,,,,,,,,,,,,,,,,english,false,,,quinn_pl,,,1:persons;2:soul
135573,incollection,quinn_pl:1997a,,,1997,,"Religious Awe, Aesthetic Awe","Religious Awe, Aesthetic Awe",,,,,,,,,290--295,290,,,,,,,,,,,,,,,,,,,english,false,,,quinn_pl,,,1:aesthetics;2:aesthetic_experience;3:the_sublime
135574,incollection,quinn_pl:1997b,,,1997,,Religious Ethics after \emph{Ethics after Babel}: MacIntyre's Tradition versus Stout's \emph{Bricolage},Religious Ethics after Ethics after Babel: MacIntyre's Tradition versus Stout's Bricolage,,,davis_st:1997,,,,,,151--168,151,,,,,,,,,,,,,,,,,,,english,false,,,quinn_pl,,,1:ethics;2:religious_ethics
135575,incollection,quinn_pl:1998a,,,1998,,Augustinian Learning,Augustinian Learning,,,rorty_ao:1998,,,,,,79--92,79,,,,,,,,,,,,,,,,,,,english,false,,,quinn_pl,,,1:pedagogy
135576,article,quinn_pl:1999,,,1999,,Yandell on Religious Experience,Yandell on Religious Experience,,,,international-journal-for-philosophy-of-religion,46,46,2,2,103--115,103,,,,,,,,,,,,,,,,,,,english,false,,,quinn_pl,,,1:religion;2:faith
135577,incollection,quinn_pl:2000,,,2000,,Divine Command Theory,Divine Command Theory,,,lafollette_h:2000,,,,,,53--73,53,,,,,,,,,Reprinted in \citet[81--102]{lafollette_h-persson:2013},Reprinted in LaFollette and Persson (2013),,,,,,,,,english,false,,,quinn_pl,,,1:ethics;2:religious_ethics
135578,article,quinn_pl:2001,,,2001,,Religious Diversity and Religious Toleration,Religious Diversity and Religious Toleration,,,,international-journal-for-philosophy-of-religion,50,50,1,1,57--80,57,,,,,,,,,,,,,,,,,,,english,false,,,quinn_pl,,,1:religion;2:religious_pluralism
135579,incollection,quinn_pl:2002,,,2002,,Epistemology in Philosophy of Religion,Epistemology in Philosophy of Religion,,,moser_pk:2002,,,,,,513--538,513,,,,,,,,,,,,,,,,,,,english,false,,,quinn_pl,,,1:religion;2:epistemology_of_religion
135580,article,quinn_pl:2002a,,,2002,,"Obligation, Divine Commands and Abraham's Dilemma [on \citet{adams_rm:1999}]","Obligation, Divine Commands and Abraham's Dilemma [on Adams (1999)]",,,,philosophy-and-phenomenological-research,64,64,2,2,459--466,459,,,,,,,,,,,,,,,,,,,english,false,,,quinn_pl,,,1:religion
135581,article,quinn_pl:2004,,,2004,,Can the Christian God Be Both My Foundation and My Beloved?,Can the Christian God Be Both My Foundation and My Beloved?,,,,inquiry,47,47,4,4,360--379,360,,,,,,,,,,,,,,,,,,,english,false,,,quinn_pl,,,1:religion
135582,incollection,quinn_pl:2005,,,2005,,"Religious Diversity: Familiar Problems, Novel Opportunities","Religious Diversity: Familiar Problems, Novel Opportunities",,,wainwright_wj:2005,,,,,,392--419,392,,,,,,,,,,,,,,,,,,,english,false,,,quinn_pl,,,1:religion
135583,incollection,quinn_pl:2005a,,,2005,,Religion and Politics,Religion and Politics,,,mann_we:2005,,,,,,305--329,305,,,,,,,,,,,,,,,,,,,english,false,,,quinn_pl,,,1:religion
135584,incollection,quinn_pl:2005b,,,2005,,Can Good Christians Be Good Liberals?,Can Good Christians Be Good Liberals?,,,dole_a-chignell:2005,,,,,,248--276,248,,,,,,,,,,,,,,,,,,,english,false,,,quinn_pl,,,1:religion
135585,article,quinn_pl:2005c,,,2005,,Cosmological Contingency and Theistic Explanation,Cosmological Contingency and Theistic Explanation,,,,faith-and-philosophy,22,22,5,5,581--600,581,,,,,,,,,,,,,,,,,,,english,false,,,quinn_pl,,,1:religion;2:arguments_for_the_existence_of_god;3:cosmological_argument
135586,incollection,quinn_pl:2006,,,2006,,Theological Voluntarism,Theological Voluntarism,,,copp_d:2006,,,,,,63--90,63,,,,,,,,,,,,,,,,,,,english,false,,,quinn_pl,,,1:religion
135587,incollection,quinn_pl:2007,,,2007,,On the Intrinsic Value of Human Persons,On the Intrinsic Value of Human Persons,,,vaninwagen-zimmerman:2007,,,,,,237--260,237,,,,,,,,,,,,,,,,,,,english,false,,,quinn_pl,,,1:persons;2:personal_identity
135588,incollection,quinn_pl:2008,,,2008,,In Defense of Religious Toleration,In Defense of Religious Toleration,,,thomas_la:2008,,,,,,155--170,155,,,,,,,,,,,,,,,,,,,english,false,,,quinn_pl,,,1:religion;2:religious_pluralism
135589,incollection,quinn_pl:2010,,,2010,,Sin and Original Sin,Sin and Original Sin,,,taliaferro-etal:2010,,,,,,614--621,614,,,,,,,,,,,,,,,,,,,english,false,,,quinn_pl,,,1:religion;2:heaven_and_hell;3:sin
135590,incollection,quinn_pl:2018,,,2018,,The Divine Command Theory,The Divine Command Theory,,,rosen_g-etal:2018,,,,,,879--891,879,,,,,,,,,,,,,,,,,,,english,false,,,quinn_pl,,,1:ethics;2:religious_ethics
135591,article,quinn_t:2017,,,2017,,From Artefacts to Atoms -- A New SI for 2018 to Be Based on Fundamental Constants,From Artefacts to Atoms – A New SI for 2018 to Be Based on Fundamental Constants,,,,studies-in-history-and-philosophy-of-science,65/66,65,,,8--20,8,,,,,,,,,,,,,,,,,,,english,false,,,quinn_t,,,1:science;2:taxonomy
135592,article,quinn_w:1968,,,1968,,Pleasure -- Disposition or Episode?,Pleasure – Disposition or Episode?,,,,philosophy-and-phenomenological-research,28,28,,,578--586,578,,,,,,,,,,,,,,,,,,,english,false,,,quinn_w,,,1:feeling;2:pleasure
135593,incollection,quinn_w:1978,,,1978,,Moral and Other Realisms: Some Initial Difficulties,Moral and Other Realisms: Some Initial Difficulties,,,goldman_ai-kim:1978,,,,,,257--274,257,,,,,,,,,,,,,,,,,,,english,false,,,quinn_w,,,1:ethics;2:metaethics;3:moral_relativism
135594,incollection,quinn_w:1993,,,1993,,Putting Rationality in Its Place,Putting Rationality in Its Place,,,frey_r-morris:1993,,,,,,26--50,26,,,,,,,,,Reprinted in \citet[153--175]{hursthouse-etal:1995},"Reprinted in Hursthouse, Lawrence, and Quinn (1995)",,,,,,,,,english,false,,,quinn_w,,,1:rationality
135595,book,quinn_w:1994,,,1994,,Morality and Action,Morality and Action,,,,,,,,,,,,,Cambridge,,,cambridge-university-press,,,,,,,,,,,,,english,false,,,quinn_w,,,1:ethics
135596,incollection,quinney:2017,,,2017,,Shelley and the Limit of Self-Knowledge,Shelley and the Limit of Self-Knowledge,,,renz_u:2017,,,,,,199--204,199,,,,,,,,,,,,,,,,,,,english,false,,,quinney,,,1:knowledge;2:self_knowledge
135597,incollection,quinones:1975,,,1975,,Four Phases of Time and Literary Modernism,Four Phases of Time and Literary Modernism,,,fraser_jt-lawrence:1975,,,,,,122--135,122,,,,,,,,,,,,,,,,,,,english,false,,,quinones,,,1:time
135598,book,quintana_l-sanchezmadrid:2023,,,2023,,Neoliberal Techniques of Social Suffering: Political Resistance and Critical Theory from Latin America and Spain,Neoliberal Techniques of Social Suffering: Political Resistance and Critical Theory from Latin America and Spain,Neoliberal Techniques of Social Suffering: Political Resistance and Critical Theory from Latin America and Spain,Neoliberal Techniques of Social Suffering: Political Resistance and Critical Theory from Latin America and Spain,,,,,,,,,,,"Lanham, Maryland",,,lexington-books,,,,,,,,,,,,,english,false,,,,quintana_l;sanchezmadrid,,
135599,article,quintanilla:1980,,,1980,,Review of \citet{bunge_m:1979},Review of Bunge (1979),,,,dialectica,34,34,4,4,295--297,295,,,,,,,,,,,,,,,,,10.48106/dial.v34.i4.05,,english,false,,,quintanilla,,,
135600,incollection,quintanilla:1982,,,1982,,Materialist Foundations of Critical Rationalism,Materialist Foundations of Critical Rationalism,,,agassi-cohen:1982,,,,,,225--238,225,,,,,,,,,,,,,,,,,,,english,false,,,quintanilla,,,1:metaphysics;2:rationalism
135601,incollection,quintanilla:1996,,,1996,,The Incompleteness of Technics,The Incompleteness of Technics,,,munevar:1996,,,,,,89--102,89,,,,,,,,,,,,,,,,,,,english,false,,,quintanilla,,,1:technology
135602,incollection,quintas:1997,,,1997,,La moral ``par provision''.~Alcance sistem{\'a}tico de la propuesta,La moral “par provision”. Alcance sistemático de la propuesta,,,,,,,,,137--150,137,,,,,,,,,,,,,,,,,,,spanish,false,,,quintas,,,1:ethics
135603,book,quintas:2000,,,2000,,El ``Discurso del m{\'e}todo'' de Descartes,El “Discurso del método” de Descartes,,,,,,,15,15,,,,libro_universitario_materiales,Madrid,,,alianza,,,,,,,,,,,,,spanish,false,,,quintas,,,1:method
135604,article,quintelier-fessler:2012,,,2012,,Varying Versions of Moral Relativism: The Philosophy and Psychology of Normative Relativism,Varying Versions of Moral Relativism: The Philosophy and Psychology of Normative Relativism,,,,biology-and-philosophy,27,27,1,1,95--113,95,,,,,,,,,,,,,,,,,,,english,false,,,quintelier;fessler_d,,,1:biology
135605,incollection,quintern:2014,,,2014,,The Cosmos of Yolanthe: Knowing Without Seeing,The Cosmos of Yolanthe: Knowing Without Seeing,,,tymieniecka:2014,,,,,,135--146,135,,,,,,,,,,,,,,,,,,,english,false,,,quintern,,,
135606,book,quintiliano_a:2011,,,2011,,"Imagination, espace et temps.~Sur la th{\'e}orie ph{\'e}nom{\'e}nologique de l'intuition, premi{\`e}re partie","Imagination, espace et temps. Sur la théorie phénoménologique de l'intuition, première partie",,,,,,,,,,,,ouverture_philosophique,Paris,,,l-harmattan,,,,,,,,,,,,,french,false,,,quintiliano_a,,,1:perception
135607,book,quintiliano_a:2011a,,,2011,,"La perception.~Sur la th{\'e}orie ph{\'e}nom{\'e}nologique de l'intuition, deuxi{\`e}me partie","La perception. Sur la théorie phénoménologique de l'intuition, deuxième partie",,,,,,,,,,,,ouverture_philosophique,Paris,,,l-harmattan,,,,,,,,,,,,,french,false,,,quintiliano_a,,,1:perception
135608,article,quintin_j:2016,,,2016,,Sant{\'e} et vie philosophique,Santé et vie philosophique,,,,philosophie-ch,,,,,,,,,,,,,,,,,,,,,,,,https://www.philosophie.ch/2016-11-07-quintin,french,false,,cc-by-3,quintin_j,,,
135609,incollection,quinto_r:1999,,,1999,,Hugh of St.-Cher's Use of Stephen Langton,Hugh of St.-Cher's Use of Stephen Langton,,,ebbesen-friedman:1999,,,,,,281--300,281,,,,,,,,,,,,,,,,,,,english,false,,,quinto_r,,,1:history_of_philosophy
135610,incollection,quinton-norton:2007,,,2007,,Conservatism,Conservatism,,,goodin_re-etal:2007,,,,,,285--311,285,,,,,,,,,,,,,,,,,,,english,false,,,quinton;norton_a,,,1:political_philosophy;2:conservatism
135611,article,quinton:1952,,,1952,,Seeming,Seeming,,,,proceedings-of-the-aristotelian-society-supplementary-volume,26,26,,,235--252,235,,,,,,,,,,,,,,,,,,,english,false,,,quinton,,,1:perception;2:appearances
135612,article,quinton:1953,,,1953,,The Problem of Perception,The Problem of Perception,,,,mind,64,64,,,28--51,28,,,,,,,,,Reprinted in \citet[497--526]{swartz_rj:1965a},Reprinted in Swartz (1965),,,,,,,,,english,false,,,quinton,,,1:perception;2:appearances
135613,article,quinton:1957,,,1957,,Properties and Classes,Properties and Classes,,,,proceedings-of-the-aristotelian-society,58,58,,,33--58,33,,,,,,,,,,,,,,,,,,,english,false,,,quinton,,,1:properties;2:property_nominalism
135614,article,quinton:1960,,,1960,,Russell's Philosophical Development,Russell's Philosophical Development,,,,philosophy,35,35,132,132,1--13,1,,,,,,,,,,,,,,,,,,,english,false,,,quinton,,,1:history_of_philosophy
135615,article,quinton:1961,,,1961,,Burke on the Sublime and Beautiful,Burke on the Sublime and Beautiful,,,,philosophy,36,36,136,136,71--73,71,,,,,,,,,,,,,,,,,,,english,false,,,quinton,,,1:aesthetics;2:aesthetic_experience;3:the_sublime
135616,article,quinton:1962,,,1962,,The Soul,The Soul,,,,the-journal-of-philosophy,59,59,15,15,393--400,393,,,,,,,,,,,,,,,,,,,english,false,,,quinton,,,1:persons;2:soul
135617,article,quinton:1963,,,1963,,The ``A Priori'' and the Analytic,The “A Priori” and the Analytic,,,,proceedings-of-the-aristotelian-society,64,64,,,31--54,31,,,,,,,,,,,,,,,,,,,english,false,,,quinton,,,1:epistemology;2:a_priori
135618,article,quinton:1964,,,1964,,Matter and Space,Matter and Space,,,,mind,72,72,291,291,332--352,332,,,,,,,,,,,,,,,,,,,english,false,,,quinton,,,1:ontology;2:matter
135619,incollection,quinton:1967,,,1967,,Knowledge and Belief,Knowledge and Belief,,,,,,,,,,,,,,,,,,,Reprinted in the second edition \citep{borchert:2005},"Reprinted in the second edition (Borchert, 2005)",,,,,,,,,english,false,,,quinton,,,1:knowledge;2:knowledge_and_belief
135620,article,quinton:1968,,,1968,,Perceiving and Thinking,Perceiving and Thinking,,,,proceedings-of-the-aristotelian-society-supplementary-volume,42,42,,,191--208,191,,,,,,,,,,,,,,,,,,,english,false,,,quinton,,,1:perception;2:perceptual_judgement
135621,incollection,quinton:1970,,,1970,,Ryle on Perception,Ryle on Perception,,,wood_op-pichter:1970,,,,,,105--136,105,,,,,,,,,,,,,,,,,,,english,false,,,quinton,,,1:perception
135622,incollection,quinton:1972,,,1972,,Russell's Philosophy of Mind,Russell's Philosophy of Mind,,,pears:1972,,,,,,80--109,80,,,,,,,,,,,,,,,,,,,english,false,,,quinton,,,
135623,book,quinton:1973,,,1973,,The Nature of Things,The Nature of Things,,,,,,,,,,,,,London,,,routledge-kegan-paul,,,,,,,,,,,,,english,false,,,quinton,,,2:essence
135624,article,quinton:1973a,,,1973,,Absolute Idealism,Absolute Idealism,,,,proceedings-of-the-british-academy,57,57,,,303--329,303,,,,,,,,,,,,,,,,,,,english,false,,,quinton,,,1:metaphysics;2:idealism
135625,book,quinton:1973b,,,1973,,Utilitarian Ethics,Utilitarian Ethics,,,,,,,,,,,,new_studies_in_ethics,London,,,mac-millan-publishing-co,,,,,,,,,,,,,english,false,,,quinton,,,1:ethics;2:metaethics;3:utilitarianism
135626,article,quinton:1975,,,1975,,Social Objects,Social Objects,,,,proceedings-of-the-aristotelian-society,76,76,,,1--27,1,,,,,,,,,,,,,,,,,,,english,false,,,quinton,,,1:ontology;2:social_ontology
135627,incollection,quinton:1975a,,,1975,,Has Man an Essence?,Has Man an Essence?,,,peters_rs:1975,,,,,,14--35,14,,,,,,,,,,,,,,,,,,,english,false,,,quinton,,,2:essence;3:human_essence
135628,incollection,quinton:1977,,,1977,,The Concept of a Phenomenon,The Concept of a Phenomenon,,,pivcevic:1977,,,,,,1--16,1,,,,,,,,,,,,,,,,,,,english,false,,,quinton,,,1:perception;2:appearances
135629,article,quinton:1977a,,,1977,,In Defense of Introspection,In Defense of Introspection,,,,philosophic-exchange,8,8,,,77--88,77,,,,,,,,,,,,,,,,http://hdl.handle.net/20.500.12648/3330,,http://hdl.handle.net/20.500.12648/3330,english,false,,,quinton,,,
135630,incollection,quinton:1984,,,1984,,Madness,Madness,,,griffiths_ap:1984,,,,,,17--41,17,,,,,,,,,,,,,,,,,,,english,false,,,quinton,,,1:psychology;2:mental_illness
135631,incollection,quinton:1989,,,1989,,The Varieties of Value,The Varieties of Value,,,peterson_gb:1989a,,,,,,,,,,,,,,,,,,,,,,,,,,english,false,,,quinton,,,
135632,incollection,quinton:1991,,,1991,,Ayer's Place in the History of Philosophy,Ayer's Place in the History of Philosophy,,,griffiths_ap:1991,,,,,,31--48,31,,,,,,,,,,,,,,,,,,,english,false,,,quinton,,,1:metaphysics;2:empiricism
135633,incollection,quinton:1992,,,1992,,Ayer and Ontology,Ayer and Ontology,,,hahn_le:1992,,,,,,489--508,489,,,,,,,,,,,,,,,,,,,english,false,,,quinton,,,1:ontology
135634,incollection,quinton:1993,,,1993,,Morals and Politics,Morals and Politics,,,griffiths_ap:1993,,,,,,95--106,95,,,,,,,,,,,,,,,,,,,english,false,,,quinton,,,1:law;2:law_and_morality
135635,incollection,quinton:1994,,,1994,,Homosexuality,Homosexuality,,,griffiths_ap:1994,,,,,,197--211,197,,,,,,,,,,,,,,,,,,,english,false,,,quinton,,,1:social_philosophy;2:sex;3:homosexuality
135636,article,quinton:1997,,,1997,,Alfred Jules Ayer (1910--1989),Alfred Jules Ayer (1910–1989),,,,proceedings-of-the-british-academy,94,94,,,255--282,255,,,,,,,,,,,,,,,,,,,english,false,,,quinton,,,1:history_of_philosophy
135637,book,quinton:1999,,,1999,,Hume,Hume,,,,,,,,,,,,the_great_philosophers,London,,,routledge,,,,,,,,,,,,,english,false,,,quinton,,,1:history_of_philosophy
135638,incollection,quinton:2001,,,2001,,"The Rise, Fall and Rise of Epistemology","The Rise, Fall and Rise of Epistemology",,,ohear:2001,,,,,,61--72,61,,,,,,,,,,,,,,,,,,,english,false,,,quinton,,,1:epistemology
135639,article,quinton:2004,,,2004,,Two Kinds of Social Epistemology,Two Kinds of Social Epistemology,,,,episteme,1,1,1,1,7--9,7,,,,,,,,,,,,,,,,,,,english,false,,,quinton,,,1:epistemology;2:collective_epistemology
135640,book,quinton:2011,,,2011,,Of Men and Manners: Essays Historical and Philosophical,Of Men and Manners: Essays Historical and Philosophical,Of Men and Manners: Essays Historical and Philosophical,Of Men and Manners: Essays Historical and Philosophical,,,,,,,,,,,Oxford,,,oxford-university-press,,,Edited by Anthony Kenny,Edited by Anthony Kenny,,,,,,,10.1093/acprof:oso/9780199694556.001.0001,,english,false,,,quinton,,,1:history_of_philosophy
135641,incollection,quirk_j:1991,,,1991,,Sports,Sports,,,eatwell-etal:1991,,,,,,659--664,659,,,,,,,,,,,,,,,,,,,english,false,,,quirk_j,,,1:economics
135642,article,quirk_mj:1992,,,1992,,Four Kinds of Metaphilosophy: Griswold on Platonic Dialogue [on \citet{griswold:1988a}],Four Kinds of Metaphilosophy: Griswold on Platonic Dialogue [on Griswold (1988)],,,,metaphilosophy,38,38,2,2,546--547,546,,,,,,,,,,,,,,,,,,,english,false,,,quirk_mj,,,1:history_of_philosophy;2:unwritten_doctrine
135643,book,quirk_r-etal:1972,,,1972,,A Grammar of Contemporary English,A Grammar of Contemporary English,,,,,,,,,,,,,London,,,longmans-green-co,,,,,,,,,,,,,english,false,,,quirk_r;greenbaum_s;leech_g;svartvik,,,1:linguistics
135644,article,quirk_r-mulholland:1964,,,1964,,Complex Prepositions and Related Sequences,Complex Prepositions and Related Sequences,,,,english-studies,45,45,,,64,64,,,,,,,,,Reprinted in \citet[148--160]{quirk_r:1968},Reprinted in Quirk (1968),,,,,,,,,english,false,,,quirk_r;mulholland_jo,,,1:properties;2:complex_properties;3:complex_predicates
135645,book,quirk_r:1964,,,1964,,The Use of English,The Use of English,,,,,,,,,,,,,New York,,,st-martins-press,,,,,,,,,,,,,english,false,,,quirk_r,,,1:linguistics;2:ethnolinguistics;3:english_language
135646,article,quirk_r:1965,,,1965,,Descriptive statement and serial relationship,Descriptive statement and serial relationship,,,,language,41,41,,,205,205,,,,,,,,,Reprinted in \citet[168--183]{quirk_r:1968},Reprinted in Quirk (1968),,,,,,,,,english,false,,,quirk_r,,,1:linguistics
135647,book,quirk_r:1966,,,1966,,Investigating Linguistic Acceptability,Investigating Linguistic Acceptability,,,,,,,,,,,,,Den Haag,,,mouton,,,,,,,,,,,,,english,false,,,quirk_r,,,1:linguistics;2:logic_for_natural_language;3:natural_language_programming
135648,book,quirk_r:1968,,,1968,,"Essays on the English language, medieval and modern","Essays on the English language, medieval and modern","Essays on the English language, medieval and modern","Essays on the English language, medieval and modern",,,,,,,,,,,London,,,longman,,,,,,,,,,,,,english,false,,,quirk_r,,,1:linguistics
135649,book,quirk_r:1982,,,1982,,Style and Communication in the English Language,Style and Communication in the English Language,,,,,,,,,,,,,London,,,edward-arnold,,,,,,,,,,,,,english,false,,,quirk_r,,,1:linguistics;2:ethnolinguistics;3:english_language
135650,book,quirk_r:1985,,,1985,,A Comprehensive Grammar of the English Language,A Comprehensive Grammar of the English Language,,,,,,,,,,,,,London,,,longmans-green-co,,,,,,,,,,,,,english,false,,,quirk_r,,,1:linguistics;2:ethnolinguistics;3:english_language
135651,book,quirk_r:1995,,,1995,,Grammatical and Lexical Variance in English,Grammatical and Lexical Variance in English,,,,,,,,,,,,,London,,,longmans-green-co,,,,,,,,,,,,,english,false,,,quirk_r,,,1:linguistics;2:ethnolinguistics;3:english_language
135652,book,quiroz_ca:1988,,,1988,,Proceedings of the 1988 Open House,Proceedings of the 1988 Open House,Proceedings of the 1988 Open House,Proceedings of the 1988 Open House,,,,,,,,,,,?,,,co,,,,,,,,,,,,,english,false,,,,quiroz_ca,,1:linguistics
135653,UNKNOWN,quito_e:1965,,,1965,,La notion de la libert{\'e} particip{\'e}e dans la philosophie de Louis Lavelle,La notion de la liberté participée dans la philosophie de Louis Lavelle,,,,,,,,,,,,,Fribourg,,d_e_partement_de_philosophie_universit_e_de_fribourg,,Th{\`e}se de doctorat,,,,,,,,,,,,french,false,,,quito_e,,,
135654,article,quitterer-moling:2003,,,2003,,L'anima umana: illusione o realt{\`a} neurobiologica? Un contributo all'attualit{\`a} del concetto di anima,L'anima umana: illusione o realtà neurobiologica? Un contributo all'attualità del concetto di anima,,,,rivista-teologica-di-lugano,8,8,2,2,217--231,217,,,,,,,,,,,,,,,,,,,italian,false,,,quitterer;moling,,,1:persons;2:soul
135655,incollection,quitterer:2004,,,2004,,Which Consciousness Do We Need to Have a Choice? Comment on \citet{meixner:2004b},Which Consciousness Do We Need to Have a Choice? Comment on Meixner (2004),,,,,,,,,197--202,197,,,,,,,,,,,,,,,,,,,english,false,,,quitterer,,,1:determinism
135656,incollection,quitterer:2007,,,2007,,Which Ontology for Naturalists?,Which Ontology for Naturalists?,,,gasser_g:2007,,,,,,227--242,227,,,,,,,,,,,,,,,,,,,english,false,,,quitterer,,,1:ontology
135657,incollection,quitterer:2010,,,2010,,Hylomorphism and the Constitution View,Hylomorphism and the Constitution View,,,gasser_g:2010,,,,,,177--190,177,,,,,,,,,,,,,,,,,,,english,false,,,quitterer,,,1:religion;2:immortality;3:resurrection
135658,incollection,quong-stone:2015,,,2015,,Rules and Rights,Rules and Rights,,,sobel_d-etal:2015,,,,,,222--249,222,,,,,,,,,,,,,,,,,,,english,false,,,quong;stone_re,,,1:political_philosophy;2:rights
135659,incollection,quong:2013a,,,2013,,Rights,Rights,,,gaus_gf-dagostino:2013,,,,,,618--628,618,,,,,,,,,,,,,,,,,,,english,false,,,quong,,,1:political_philosophy;2:rights
135660,incollection,quong:2013b,,,2013,,On the Idea of Public Reason,On the Idea of Public Reason,,,mandle-reidy:2013,,,,,,265--280,265,,,,,,,,,,,,,,,,,,,english,false,,,quong,,,1:political_philosophy;2:justice;3:distributive_justice
135661,article,quong:2014,,,2014,,What is the Point of Public Reason?,What is the Point of Public Reason?,,,,philosophical-studies,170,170,3,3,545--553,545,,,,,,,,,,,,,,,,,10.1007/s11098-013-0270-z,,english,false,,,quong,,,1:rationality
135662,article,quong:2015,,,2015,,Rights against Harm,Rights against Harm,,,,proceedings-of-the-aristotelian-society-supplementary-volume,89,89,,,249--266,249,,,,,,,,,,,,,,,,,,,english,false,,,quong,,,1:political_philosophy;2:rights
135663,book,quong:2020,,,2020,,The Morality of Defensive Force,The Morality of Defensive Force,,,,,,,,,,,,,Oxford,,,oxford-university-press,,,,,,,,,,,10.1093/oso/9780198851103.001.0001,,english,false,,,quong,,,1:political_philosophy;2:war
186875,article,quine:1951d,,,1951,,Two Dogmas of Empiricism,Two Dogmas of Empiricism,,,,the-philosophical-review,60,60,1,1,20--43,20,,,,,,,,,Reprinted in \citet[20--46]{quine:1953},Reprinted in Quine (1953),,,reprinted in \citet[41--64]{harding_s:1976},reprinted in Harding (1976),,,10.2307/2181906,,english,false,,,quine,,,1:science;2:confirmation;3:confirmational_holism
191720,article,quine-goodman:1940,,,1940,,Elimination of Extra-Logical Postulates,Elimination of Extra-Logical Postulates,,,,the-journal-of-symbolic-logic,5,5,,,104--109,104,,,,,,,,,Reprinted in \citet[325--333]{goodman_n:1972},Reprinted in Goodman (1972),,,,,,,,,english,false,,,quine;goodman_n,,,1:mathematics
191721,book,quine:1934,,,1934,,A System of Logistic,A System of Logistic,,,,,,,,,,,,,"Cambridge, Massachusetts",,,harvard-university-press,,,,,,,,,,,,,english,false,,,quine,,,1:logic;2:logic_course
191722,article,quine:1934a,,,1934,,Ontological Remarks on the Propositional Calculus,Ontological Remarks on the Propositional Calculus,,,,mind,43,43,172,172,472--476,472,,,,,,,,,Reprinted in \citet[265--271]{quine:1966},Reprinted in Quine (1966),,,,,,,,,english,false,,,quine,,,1:logic;2:propositional_logic
191723,article,quine:1934b,,,1934,,A Method of Generating Part of Arithmetic Without Use of Intuitive Logic,A Method of Generating Part of Arithmetic Without Use of Intuitive Logic,,,,bulletin-of-the-american-mathematical-society,40,40,10,10,753--761,753,,,,,,,,,Reprinted in \citet[52--60]{quine:1966a},Reprinted in Quine (1966),,,,,,,,,english,false,,,quine,,,1:logic;2:propositional_logic
191724,incollection,quine:1936,,,1936,,Truth by Convention,Truth by Convention,,,northrop_fsc-etal:1936,,,,,,90--124,90,,,,,,,,,Reprinted in \citet[77--106]{quine:1966},Reprinted in Quine (1966),,,Reprinted in \citet[250--273]{feigl-sellars:1949},Reprinted in Feigl and Sellars (1949),,,,,english,false,,,quine,,,1:truth;2:relative_truth
191725,article,quine:1936a,,,1936,,Definition of Substitution,Definition of Substitution,,,,bulletin-of-the-american-mathematical-society,42,42,8,8,561--569,561,,,,,,,,,Reprinted in \citet[61--69]{quine:1966a},Reprinted in Quine (1966),,,,,,,,,english,false,,,quine,,,1:logic;2:propositional_logic
191726,article,quine:1936b,,,1936,,Set-Theoretic Foundations of Logic,Set-Theoretic Foundations of Logic,,,,the-journal-of-symbolic-logic,1,1,,,,,,,,,,,,,Reprinted in \citet[83--99]{quine:1966a},Reprinted in Quine (1966),,,,,,,,,english,false,,,quine,,,1:logic;2:propositional_logic
191727,article,quine:1937,,,1937,,New Foundations for Mathematical Logic,New Foundations for Mathematical Logic,,,,american-mathematical-monthly,44,44,,,70--80,70,,,,,,,,,Reprinted in revised form in \citet[80--101]{quine:1953},Reprinted in revised form in Quine (1953),,,,,,,,,english,false,,,quine,,,1:mathematics;2:set_theory;3:new_foundations
191728,article,quine:1937a,,,1937,,Logic based on Inclusion and Abstraction,Logic based on Inclusion and Abstraction,,,,the-journal-of-symbolic-logic,2,2,,,,,,,,,,,,,Reprinted in \citet[100--109]{quine:1966a},Reprinted in Quine (1966),,,,,,,,,english,false,,,quine,,,1:logic;2:propositional_logic
191729,article,quine:1938,,,1938,,Completeness of the Propositional Calculus,Completeness of the Propositional Calculus,,,,the-journal-of-symbolic-logic,3,3,,,,,,,,,,,,,Reprinted in \citet[159--163]{quine:1966a},Reprinted in Quine (1966),,,,,,,,,english,false,,,quine,,,1:logic;2:propositional_logic
191730,article,quine:1939,,,1939,,Designation and Existence,Designation and Existence,,,,the-journal-of-philosophy,36,36,26,26,701--709,701,,,,,,,,,Reprinted in \citet[44--51]{feigl-sellars:1949},Reprinted in Feigl and Sellars (1949),,,,,,,,,english,false,,,quine,,,1:ontology
191731,article,quine:1939a,,,1939,,Relations and Reasons,Relations and Reasons,,,,technology-review,41,41,,,299--301,299,,,,,,,,,Reprinted in \citet{quine:2008b},Reprinted in Quine (2008),,,,,,,,,english,false,,,quine,,,1:structuralism;2:relations
191732,incollection,quine:1939b,,,1939,,A Logistic Approach to the Ontological Problem,A Logistic Approach to the Ontological Problem,,,quine:1966,,,,,,197--202,197,,,,,,,,,"Preprinted for the members of the Fifth International Congress for the University of Science, Cambridge, Mass., 1939; originally scheduled to appear in \emph{The Journal of Unified Science (Erkenntnis)}, vol.~9","Preprinted for the members of the Fifth International Congress for the University of Science, Cambridge, Mass., 1939; originally scheduled to appear in The Journal of Unified Science (Erkenntnis), vol. 9",,,,,,,,,english,false,,,quine,,,1:ontology;2:ontological_commitment
191733,book,quine:1940,,,1940,,Mathematical Logic,Mathematical Logic,,,,,,,,,,,,,"Cambridge, Massachusetts",,,harvard-university-press,,,Third edition: \citet{quine:1981m},Third edition: Quine (1981),,,,,,,,,english,false,,,quine,,,1:logic;2:logic_course
191734,book,quine:1941,,,1941,,Elementary Logic,Elementary Logic,,,,,,,,,,,,,"Waltham, Massachusetts",,,ginn-and-co,,,,,,,,,,,,,english,false,,,quine,,,1:logic;2:logic_course
191735,article,quine:1941a,,,1941,,Element and Number,Element and Number,,,,the-journal-of-symbolic-logic,6,6,,,135--149,135,,,,,,,,,Reprinted in \citet[121--140]{quine:1966a},Reprinted in Quine (1966),,,,,,,,,english,false,,,quine,,,1:mathematics;2:set_theory
191736,article,quine:1942,,,1942,,On the Existence Conditions for Elements and Classes,On the Existence Conditions for Elements and Classes,,,,the-journal-of-symbolic-logic,7,7,,,157--159,157,,,,,,,,,,,,,,,,,,,english,false,,,quine,,,1:mathematics;2:set_theory
191737,article,quine:1942a,,,1942,,Reply to Professor \citet{ushenko:1942a},Reply to Professor Ushenko (1942),,,,the-journal-of-philosophy,39,39,3,3,68--71,68,,,,,,,,,,,,,,,,,,,english,false,,,quine,,,1:logic;2:propositional_logic;3:truth_functions
191738,article,quine:1943,,,1943,,Notes on Existence and Necessity,Notes on Existence and Necessity,,,,the-journal-of-philosophy,40,40,5,5,113--127,113,,,,,,,,,,,,,,,,,,,english,false,,,quine,,,1:ontology;2:ontological_commitment
191739,book,quine:1944,,,1944,,O Sentido da Nova L{\'o}gica,O Sentido da Nova Lógica,,,,,,,,,,,,,S{\~a}o Paolo,,,martins,,,,,,,,,,,,,portuguese,false,,,quine,,,1:logic;2:logic_course
191740,article,quine:1945,,,1945,,On the Logic of Quantification,On the Logic of Quantification,,,,the-journal-of-symbolic-logic,10,10,,,,,,,,,,,,,Reprinted in \citet[181--195]{quine:1966a},Reprinted in Quine (1966),,,,,,,,,english,false,,,quine,,,1:ontology;2:quantification
191741,article,quine:1945a,,,1945,,On Ordered Pairs,On Ordered Pairs,,,,the-journal-of-symbolic-logic,10,10,,,95--96,95,,,,,,,,,"\,`telescoped' into ``On Ordered Pairs of Relations'' \citep[110--116]{quine:1966a}","‘telescoped' into “On Ordered Pairs of Relations” (Quine, 1966)",,,,,,,,,english,false,,,quine,,,1:structuralism;2:relations
191742,article,quine:1946,,,1946,,On Relations as Coextensive with Classes,On Relations as Coextensive with Classes,,,,the-journal-of-symbolic-logic,11,11,,,71--72,71,,,,,,,,,"\,`telescoped' into ``On Ordered Pairs of Relations'' \citep[110--116]{quine:1966a}","‘telescoped' into “On Ordered Pairs of Relations” (Quine, 1966)",,,,,,,,,english,false,,,quine,,,1:structuralism;2:relations
191743,article,quine:1946a,,,1946,,Concatenation as a Basis for Arithmetic,Concatenation as a Basis for Arithmetic,,,,the-journal-of-symbolic-logic,11,11,,,,,,,,,,,,,Reprinted in \citet[70--82]{quine:1966a},Reprinted in Quine (1966),,,,,,,,,english,false,,,quine,,,1:logic;2:propositional_logic
191744,UNKNOWN,quine:1947,,,1947,,Quine's Statement,Quine's Statement,,,carnap:1947,,,,,,196--197,196,,,,,,,,,,,,,,,,,,,english,false,,,quine,,,1:modality;2:de_dicto_de_re
191745,article,quine:1947a,,,1947,,The Problem of Interpreting Modal Logic,The Problem of Interpreting Modal Logic,,,,the-journal-of-symbolic-logic,12,12,2,2,43--48,43,,,,,,,,,,,,,,,,,,,english,false,,,quine,,,1:modality;2:de_dicto_de_re
191746,article,quine:1947b,,,1947,,On Universals,On Universals,,,,the-journal-of-symbolic-logic,12,12,,,74--84,74,,,,,,,,,,,,,,,,,,,english,false,,,quine,,,1:properties;2:universals
191747,article,quine:1948,,,1948,,On What There Is,On What There Is,,,,the-review-of-metaphysics,2,2,5,5,21--38,21,,,,,,,,,"Republished as \citet{quine:1951e}, reprinted in \citet[1--19]{quine:1953}","Republished as Quine (1951), reprinted in Quine (1953)",,,reprinted in \citet[33--43]{loux:1970},reprinted in Loux (1970),,,,,english,false,,,quine,,,1:ontology;2:ontological_commitment
191748,book,quine:1950,,,1950,,Methods of Logic,Methods of Logic,,,,,,,,,,,,,"Cambridge, Massachusetts",,,harvard-university-press,,,Fourth edition: \citet{quine:1982},Fourth edition: Quine (1982),,,,,,,,,english,false,,,quine,,,1:logic;2:logic_course
191749,article,quine:1950a,,,1950,,"Identity, Ostension, and Hypostasis","Identity, Ostension, and Hypostasis",,,,the-journal-of-philosophy,47,47,22,22,621--634,621,,,,,,,,,Reprinted in \citet[65--79]{quine:1953},Reprinted in Quine (1953),,,,,,,,,english,false,,,quine,,,1:properties;2:universals
191750,article,quine:1950b,,,1950,,On Natural Deduction,On Natural Deduction,,,,the-journal-of-symbolic-logic,15,15,2,2,93--102,93,,,,,,,,,,,,,,,,,,,english,false,,,quine,,,1:logic;2:natural_deduction
191751,book,quine:1951,,,1951,,Mathematical Logic,Mathematical Logic,,,,,,,,,,,,,"Cambridge, Massachusetts",,,harvard-university-press,,2,First edition: \citet{quine:1940},First edition: Quine (1940),,,,,,,,,english,false,,,quine,,,1:logic;2:logic_course
191752,article,quine:1951a,,,1951,,On Carnap's View on Ontology,On Carnap's View on Ontology,,,,philosophical-studies,2,2,5,5,65--72,65,,,,,,,,,Reprinted in \citet[203--211]{quine:1966},Reprinted in Quine (1966),,,,,,,10.1007/bf02199422,,english,false,,,quine,,,1:ontology;2:ontological_commitment
191753,article,quine:1951b,,,1951,,Ontology and Ideology,Ontology and Ideology,,,,philosophical-studies,2,2,1,1,11--15,11,,,,,,,,,,,,,,,,,10.1007/bf02198233,,english,false,,,quine,,,1:ontology;2:ontological_commitment
191754,article,quine:1951c,,,1951,,On What There Is [reply to \citet{geach_pt:1951a} and \citet{ayer:1951}],On What There Is [reply to Geach (1951) and Ayer (1951)],,,,proceedings-of-the-aristotelian-society-supplementary-volume,25,25,,,149--160,149,,,,,,,,,,,,,,,,,,,english,false,,,quine,,,1:ontology;2:ontological_commitment
191755,article,quine:1951e,,,1951,,On What There Is,On What There Is,,,,proceedings-of-the-aristotelian-society-supplementary-volume,25,25,,,217--234,217,,,,,,,,,Reprint of \citet{quine:1948},Reprint of Quine (1948),,,,,,,10.1093/aristoteliansupp/25.1.125,,english,false,,,quine,,,1:ontology;2:ontological_commitment
191756,article,quine:1952,,,1952,,On $\omega$-Inconsistency and a So-called Axiom of Infinity,On ω-Inconsistency and a So-called Axiom of Infinity,,,,the-journal-of-symbolic-logic,18,18,,,,,,,,,,,,,Reprinted in \citet[114--120]{quine:1966a},Reprinted in Quine (1966),,,,,,,,,english,false,,,quine,,,1:logic;2:infinitary_logic;3:omega_consistency
191757,article,quine:1952a,,,1952,,On an Application of Tarski's Theory of Truth,On an Application of Tarski's Theory of Truth,,,,proceedings-of-the-national-academy-of-sciences-of-the-usa,38,38,,,,,,,,,,,,,Reprinted in \citet[141--145]{quine:1966a},Reprinted in Quine (1966),,,,,,,,,english,false,,,quine,,,1:truth;2:tarski_truth
191758,book,quine:1953,,,1953,,From a Logical Point of View: 9 Logico-Philosophical Essays,From a Logical Point of View: 9 Logico-Philosophical Essays,From a Logical Point of View: 9 Logico-Philosophical Essays,From a Logical Point of View: 9 Logico-Philosophical Essays,,,,,,,,,,,"Cambridge, Massachusetts",,,harvard-university-press,,,Cited after the revised edition: \citet{quine:1961},Cited after the revised edition: Quine (1961),,,,,,,,,english,false,,,quine,,,1:ontology;2:ontological_commitment
191759,incollection,quine:1953a,,,1953,,The Problem of Meaning in Linguistics,The Problem of Meaning in Linguistics,,,quine:1953,,,,,,47--64,47,,,,,,,,,,,,,,,,,,,english,false,,,quine,,,1:representation;2:meaning
191760,incollection,quine:1953b,,,1953,,Logic and the Reification of Universals,Logic and the Reification of Universals,,,quine:1953,,,,,,102--129,102,,,,,,,,,,,,,,,,,,,english,false,,,quine,,,1:properties;2:universals
191761,incollection,quine:1953c,,,1953,,Notes on the Theory of Reference,Notes on the Theory of Reference,,,quine:1953,,,,,,130--138,130,,,,,,,,,,,,,,,,,,,english,false,,,quine,,,1:identity;2:logic_of_identity
191762,incollection,quine:1953d,,,1953,,Reference and Modality,Reference and Modality,,,quine:1953,,,,,,139--159,139,,,,,,,,,,,,,,,,,,,english,false,,,quine,,,1:modality;2:de_dicto_de_re
191763,incollection,quine:1953e,,,1953,,Meaning and Existential Inference,Meaning and Existential Inference,,,quine:1953,,,,,,160--168,160,,,,,,,,,,,,,,,,,,,english,false,,,quine,,,1:exemplification;2:facts
191764,article,quine:1953f,,,1953,,On Mental Entities,On Mental Entities,,,,proceedings-of-the-american-academy-of-arts-and-sciences,80,80,,,,,,,,,,,,,Reprinted in \citet[221--227]{quine:1966},Reprinted in Quine (1966),,,,,,,,,english,false,,,quine,,,1:representation;2:meaning
191765,article,quine:1953g,,,1953,,Mr.~Strawson on Logical Theory,Mr. Strawson on Logical Theory,,,,mind,62,62,,,433--451,433,,,,,,,,,Reprinted in \citet[137--157]{quine:1966},Reprinted in Quine (1966),,,,,,,,,english,false,,,quine,,,1:logic;2:philosophy_of_logic
191766,article,quine:1953h,,,1953,,On a Supposed Antinomy,On a Supposed Antinomy,,,,mind,62,62,,,,,,,,,,,,,Reprinted in \citet[19--21]{quine:1966},Reprinted in Quine (1966),,,,,,,,,english,false,,,quine,,,
191767,incollection,quine:1953i,,,1953,,Three Grades of Modal Involvement,Three Grades of Modal Involvement,,,,,,,,,65--81,65,,,,,,,,,Reprinted in \citet[158--176]{quine:1966},Reprinted in Quine (1966),,,,,,,,,english,false,,,quine,,,1:modality;2:de_dicto_de_re
191768,article,quine:1953j,,,1953,,Two Theorems about Truth Functions,Two Theorems about Truth Functions,,,,boletin-de-la-sociedad-matematica-mexicana,10,10,1/2,1,,,,,,,,,,,Reprinted in \citet[172--175]{quine:1966a},Reprinted in Quine (1966),,,,,,,,,english,false,,,quine,,,1:ontology;2:ontological_commitment
191769,article,quine:1954,,,1954,,Quantification and the Empty Domain,Quantification and the Empty Domain,,,,the-journal-of-symbolic-logic,19,19,,,,,,,,,,,,,Reprinted in \citet[220--223]{quine:1966a},Reprinted in Quine (1966),,,,,,,,,english,false,,,quine,,,1:language;2:quantifiers;3:empty_domain
191770,misc,quine:1954b,,,1954,,"Logic, Symbolic","Logic, Symbolic","Logic, Symbolic","Logic, Symbolic",,,,,,,,,,,,,,,,,Reprinted in \citet[37--51]{quine:1966a},Reprinted in Quine (1966),,,,,,,,,english,false,,,quine,,,1:truth
191771,article,quine:1954c,,,1954,,Interpretations of Sets of Conditions,Interpretations of Sets of Conditions,,,,the-journal-of-symbolic-logic,19,19,,,,,,,,,,,,,Reprinted in \citet[205--211]{quine:1966a},Reprinted in Quine (1966),,,,,,,,,english,false,,,quine,,,1:language;2:quantifiers
191772,article,quine:1954d,,,1954,,Reduction to a Dyadic Predicate,Reduction to a Dyadic Predicate,,,,the-journal-of-symbolic-logic,19,19,3,3,180--182,180,,,,,,,,,Reprinted in \citet[224--226]{quine:1966a},Reprinted in Quine (1966),,,,,,,,,english,false,,,quine,,,1:language;2:quantifiers
191773,article,quine:1955,,,1955,,On Frege's Way Out,On Frege's Way Out,,,,mind,64,64,254,254,145--159,145,,,,,,,,,Reprinted in \citet[146--158]{quine:1966a} and in \citet[485--501]{klemke_ed:1968},Reprinted in Quine (1966) and in Klemke (1968),,,,,,,,,english,false,,,quine,,,1:mathematics;3:russell_s_paradox
191774,article,quine:1955a,,,1955,,A Proof Procedure for Quantification Theory,A Proof Procedure for Quantification Theory,,,,the-journal-of-symbolic-logic,20,20,,,,,,,,,,,,,Reprinted in \citet[196--204]{quine:1966a},Reprinted in Quine (1966),,,,,,,,,english,false,,,quine,,,1:logic;2:first_order_logic
191775,article,quine:1956,,,1956,,Quantifiers and Propositional Attitudes,Quantifiers and Propositional Attitudes,,,,the-journal-of-philosophy,53,53,,,177--187,177,,,,,,,,,Reprinted in \citet[153--159]{davidson_d-harman:1972} and in \citet{jacquette:2002},Reprinted in Davidson and Harman (1972) and in Jacquette (2002),,,,,,,,,english,false,,,quine,,,1:representation;2:propositional_attitudes
191776,article,quine:1956a,,,1956,,Unification of Universes in Set Theory,Unification of Universes in Set Theory,,,,the-journal-of-symbolic-logic,21,21,,,267--279,267,,,,,,,,,,,,,,,,,,,english,false,,,quine,,,1:mathematics;2:set_theory
191777,article,quine:1957,,,1957,,The Scope and Language of Science,The Scope and Language of Science,,,,the-british-journal-for-the-philosophy-of-science,8,8,,,1--7,1,,,,,,,,,Reprinted in \citet[228--245]{quine:1966},Reprinted in Quine (1966),,,,,,,,,english,false,,,quine,,,1:science
191778,book,quine:1959,,,1959,,Methods of Logic,Methods of Logic,,,,,,,,,,,,,New York,,,henry-holt-rhinehart-and-winston-inc,,2,First edition: \citet{quine:1950},First edition: Quine (1950),,,,,,,,,english,false,,,quine,,,1:logic;2:logic_course
191779,article,quine:1959a,,,1959,,On Cores and Prime Implicants of Truth Functions,On Cores and Prime Implicants of Truth Functions,,,,american-mathematical-monthly,66,66,,,,,,,,,,,,,Reprinted in \citet[164--171]{quine:1966a},Reprinted in Quine (1966),,,,,,,,,english,false,,,quine,,,1:ontology;2:ontological_commitment
191780,book,quine:1960,,,1960,,Word and Object,Word and Object,,,,,,,,,,,,,"Cambridge, Massachusetts",,,the-mit-press,,,New edition: \citet{quine:2013},New edition: Quine (2013),,,,,,,,,english,false,,,quine,,,1:representation;2:meaning
191781,incollection,quine:1960a,,,1960,,Posits and Reality,Posits and Reality,,,uyeda:1960,,,,,,,,,,,,,,,,Reprinted in \citet[246--254]{quine:1966},Reprinted in Quine (1966),,,,,,,,,english,false,,,quine,,,1:ontology
191782,article,quine:1960b,,,1960,,Carnap and Logical Truth,Carnap and Logical Truth,,,,synthese,12,12,4,4,350--374,350,,,,,,,,,Reprinted in \citet[39--63]{kazemier-vuysje:1962} and in \citet[385--406]{schilpp:1963},Reprinted in Kazemier and Vuysje (1962) and in Schilpp (1963),,,,,,,,,english,false,,,quine,,,1:metaphysics;2:conventionalism
191783,book,quine:1961,,,1961,,From a Logical Point of View: 9 Logico-Philosophical Essays,From a Logical Point of View: 9 Logico-Philosophical Essays,From a Logical Point of View: 9 Logico-Philosophical Essays,From a Logical Point of View: 9 Logico-Philosophical Essays,,,,,,,,,,,"Cambridge, Massachusetts",,,harvard-university-press,,2,"Revised edition of \citet{quine:1953}, reprinted 1980","Revised edition of Quine (1953), reprinted 1980",,,,,,,,,english,false,,,quine,,,1:ontology;2:ontological_commitment
191784,incollection,quine:1961a,,,1961,,Logic as a Source of Syntactical Insights,Logic as a Source of Syntactical Insights,,,jakobson:1961,,,,,,1--5,1,,,,,,,,,Reprinted in \citet[153--159]{davidson_d-harman:1975} and in \citet[44--49]{quine:1966},Reprinted in Davidson and Harman (1975) and in Quine (1966),,,,,,,,,english,false,,,quine,,,1:language;2:pronouns
191785,incollection,quine:1961b,,,1961,,Reference and Modality,Reference and Modality,,,quine:1961,,,,,,139--159,139,,,,,,,,,Revised version of \citet{quine:1953d},Revised version of Quine (1953),,,,,,,,,english,false,,,quine,,,1:modality;2:de_dicto_de_re
191786,article,quine:1962,,,1962,,Paradox,Paradox,,,,scientific-american,206,206,4,4,84--99,84,,,,,,,,,Reprinted as ``The Ways of Paradox'' in \citet[1--18]{quine:1966},Reprinted as “The Ways of Paradox” in Quine (1966),,,,,,,,,english,false,,,quine,,,1:argumentation;2:paradoxes
191787,article,quine:1962a,,,1962,,Reply to Professor Marcus \citep{marcus_rb:1961},"Reply to Professor Marcus (Marcus, 1961)",,,,synthese,13,13,4,4,323--330,323,,,,,,,,,Reprinted in \citet[177--184]{quine:1966},Reprinted in Quine (1966),,,,,,,,,english,false,,,quine,,,1:ontology;2:quantification
191788,incollection,quine:1962b,,,1962,,Le mythe de la signification,Le mythe de la signification,,,wahl_j:1962,,,,,,139--169,139,,,,,,,,,,,,,,,,,,,french,false,,,quine,,,1:representation;2:meaning
191789,book,quine:1962c,,,1962,,Desde un Punto de Vista L{\'o}gico,Desde un Punto de Vista Lógico,Desde un Punto de Vista L{\'o}gico,Desde un Punto de Vista Lógico,,,,,,,,,,,Barcelona,,,ediciones-ariel,,,Spanish translation of \citet{quine:1953} by Manuel Sacrist{\'a}n,Spanish translation of Quine (1953) by Manuel Sacristán,,,,,,,,,spanish,false,,,quine,,,1:ontology
191790,book,quine:1963,,,1963,,Set Theory and Its Logic,Set Theory and Its Logic,,,,,,,,,,,,,"Cambridge, Massachusetts",,,harvard-university-press,,,Second edition: \citet{quine:1969g},Second edition: Quine (1969),,,,,,,,,english,false,,,quine,,,1:mathematics;2:set_theory
191791,article,quine:1963a,,,1963,,On Simple Theories of a Complex World,On Simple Theories of a Complex World,,,,synthese,15,15,1,1,103--106,103,,,,,,,,,Reprinted in \citet[47--50]{gregg_jr-harris:1964} and in \citet[255--258]{quine:1966},Reprinted in Gregg and Harris (1964) and in Quine (1966),,,,,,,,,english,false,,,quine,,,1:science;2:theories
191792,incollection,quine:1963b,,,1963,,Comments on \citet{marcus_rb:1961},Comments on Marcus (1961),,,wartofsky:1963,,,,,,97--104,97,,,,,,,,,,,,,,,,,,,english,false,,,quine,,,1:modality;2:de_dicto_de_re;3:modal_essentialism
191793,article,quine:1964,,,1964,,Foundations of Mathematics,Foundations of Mathematics,,,,scientific-american,,,,,,,,,,,,,,,Reprinted in \citet[22--32]{quine:1966},Reprinted in Quine (1966),,,,,,,,,english,false,,,quine,,,1:mathematics;2:history_of_mathematics
191794,article,quine:1964a,,,1964,,Ontological Reduction and the World of Numbers,Ontological Reduction and the World of Numbers,,,,the-journal-of-philosophy,61,61,,,,,,,,,,,,,Reprinted in \citet[212--220]{quine:1966},Reprinted in Quine (1966),,,,,,,,,english,false,,,quine,,,1:ontology;2:ontological_relativity
191795,article,quine:1964b,,,1964,,Implicit Definition Sustained,Implicit Definition Sustained,,,,the-journal-of-philosophy,61,61,2,2,71--74,71,,,,,,,,,Reprinted in \citet[133--136]{quine:1966},Reprinted in Quine (1966),,,,,,,,,english,false,,,quine,,,1:explanation;2:definition
191796,article,quine:1964c,,,1964,,Review of \citet{mencken:1921},Review of Mencken (1921),,,,the-new-york-review-of-books,,,,,,,,,,,,,,,Reprinted in \citet[203--208]{quine:1981},Reprinted in Quine (1981),,,,,,,,https://www.nybooks.com/articles/1964/01/09/mencken/,english,false,,,quine,,,1:linguistics;2:history_of_linguistics
191797,article,quine:1964d,,,1964,,Review of \citet{smart_jjc:1963},Review of Smart (1963),,,,the-new-york-review-of-books,,,,,,,,,,,,,,,Reprinted in \citet[92--95]{quine:1981},Reprinted in Quine (1981),,,,,,,,https://www.nybooks.com/articles/1964/07/09/science-and-truth/,english,false,,,quine,,,1:science;2:scientific_realism
191798,article,quine:1964e,,,1964,,Les fronti{\`e}res de la th{\'e}orie logique,Les frontières de la théorie logique,,,,les-etudes-philosophiques,19,19,2,2,191--208,191,,,,,,,,,Traduit de l'anglais par Jacques Derrida et Roger Martin,Traduit de l'anglais par Jacques Derrida et Roger Martin,,,,,,,,,french,false,,,quine,,,1:logic
191799,article,quine:1964f,,,1964,,Review of \citet{geach_pt:1962},Review of Geach (1962),,,,the-philosophical-review,73,73,,,100--104,100,,,,,,,,,,,,,,,,,,,english,false,,,quine,,,1:identity;2:contingent_identity
191800,book,quine:1965,,,1965,,Elementary Logic,Elementary Logic,,,,,,,,,,,,,New York,,,harper-row,,3,First edition: \citet{quine:1941},First edition: Quine (1941),,,,,,,,,english,false,,,quine,,,1:logic;2:logic_course
191801,book,quine:1966,,,1966,,The Ways of Paradox and Other Essays,The Ways of Paradox and Other Essays,The Ways of Paradox and Other Essays,The Ways of Paradox and Other Essays,,,,,,,,,,,"Cambridge, Massachusetts",,,harvard-university-press,,,"Second, enlarged, edition: \citet{quine:1976}","Second, enlarged, edition: Quine (1976)",,,,,,,,,english,false,,,quine,,,1:argumentation;2:paradoxes
191802,incollection,quine:1966c,,,1966,,On the Applications of Modern Logic,On the Applications of Modern Logic,,,quine:1966,,,,,,33--39,33,,,,,,,,,,,,,,,,,,,english,false,,,quine,,,1:logic
191803,incollection,quine:1966d,,,1966,,On Ordered Pairs of Relations,On Ordered Pairs of Relations,,,quine:1966a,,,,,,110--113,110,,,,,,,,,Fusion of \citet{quine:1945a} and \citet{quine:1946},Fusion of Quine (1945) and Quine (1946),,,,,,,,,english,false,,,quine,,,1:structuralism;2:relations
191804,incollection,quine:1966e,,,1966,,On Boolean Functions,On Boolean Functions,,,quine:1966a,,,,,,176--180,176,,,,,,,,,Fusion of \citet{quine:1945a} and \citet{quine:1946},Fusion of Quine (1945) and Quine (1946),,,,,,,,,english,false,,,quine,,,1:logic;2:propositional_logic
191805,incollection,quine:1966f,,,1966,,Necessary Truth,Necessary Truth,,,quine:1966,,,,,,68--76,68,,,,,,,,,,,,,,,,,,,english,false,,,quine,,,1:modality
191806,article,quine:1968,,,1968,,Ontological Relativity,Ontological Relativity,,,,the-journal-of-philosophy,65,65,7,7,185--212,185,,,,,,,,,Reprinted in \citet[26--68]{quine:1969},Reprinted in Quine (1969),,,,,,,,,english,false,,,quine,,,1:ontology;2:ontological_relativity
191807,article,quine:1968a,,,1968,,Reply to \citet{smart_jjc:1968},Reply to Smart (1968),,,,synthese,19,19,1/2,1,264--266,264,,,,,,,,,Reprinted in \citet[292--294]{davidson_d-hintikka:1969},Reprinted in Davidson and Hintikka (1969),,,,,,,,,english,false,,,quine,,,1:science
191808,article,quine:1968b,,,1968,,Reply to \citet{harman_gh:1968},Reply to Harman (1968),,,,synthese,19,19,1/2,1,267--269,267,,,,,,,,,Reprinted in \citet[295--297]{davidson_d-hintikka:1969},Reprinted in Davidson and Hintikka (1969),,,,,,,,,english,false,,,quine,,,1:representation;2:meaning_skepticism
191809,article,quine:1968c,,,1968,,Reply to \citet{stenius:1968},Reply to Stenius (1968),,,,synthese,19,19,1/2,1,270--273,270,,,,,,,,,Reprinted in \citet[298--301]{davidson_d-hintikka:1969},Reprinted in Davidson and Hintikka (1969),,,,,,,,,english,false,,,quine,,,1:ontology;2:ontological_commitment
191810,article,quine:1968d,,,1968,,Reply to \citet{chomsky:1968},Reply to Chomsky (1968),,,,synthese,19,19,1/2,1,274--283,274,,,,,,,,,Reprinted in \citet[302--311]{davidson_d-hintikka:1969},Reprinted in Davidson and Hintikka (1969),,,,,,,,,english,false,,,quine,,,1:language;2:knowledge_of_language;3:l1_acquisition
191811,article,quine:1968e,,,1968,,Reply to \citet{hintikka_j:1968b},Reply to Hintikka (1968),,,,synthese,19,19,1/2,1,284--287,284,,,,,,,,,Reprinted in \citet[312--315]{davidson_d-hintikka:1969},Reprinted in Davidson and Hintikka (1969),,,,,,,,,english,false,,,quine,,,1:representation;2:meaning_skepticism;3:indeterminacy_of_translation
191812,article,quine:1968f,,,1968,,Reply to \citet{stroud_b:1968a},Reply to Stroud (1968),,,,synthese,19,19,1/2,1,288--291,288,,,,,,,,,Reprinted in \citet[316--319]{davidson_d-hintikka:1969},Reprinted in Davidson and Hintikka (1969),,,,,,,,,english,false,,,quine,,,1:representation;2:meaning_skepticism;3:indeterminacy_of_translation
191813,article,quine:1968g,,,1968,,Reply to \citet{strawson_pf:1968a},Reply to Strawson (1968),,,,synthese,19,19,1/2,1,292--297,292,,,,,,,,,Reprinted in \citet[320--325]{davidson_d-hintikka:1969},Reprinted in Davidson and Hintikka (1969),,,,,,,,,english,false,,,quine,,,1:exemplification;2:predication
191814,article,quine:1968h,,,1968,,Reply to \citet{geach_pt:1968},Reply to Geach (1968),,,,synthese,19,19,1/2,1,298--302,298,,,,,,,,,Reprinted in \citet[328--332]{davidson_d-hintikka:1969},Reprinted in Davidson and Hintikka (1969),,,,,,,,,english,false,,,quine,,,1:ontology;2:ontological_commitment
191815,article,quine:1968i,,,1968,,Reply to \citet{davidson_d:1968},Reply to Davidson (1968),,,,synthese,19,19,1/2,1,303--305,303,,,,,,,,,Reprinted in \citet[333--335]{davidson_d-hintikka:1969},Reprinted in Davidson and Hintikka (1969),,,,,,,,,english,false,,,quine,,,1:representation;2:metarepresentation;3:indirect_discourse
191816,article,quine:1968j,,,1968,,Reply to \citet{follesdal_d:1968},Reply to Føllesdal (1968),,,,synthese,19,19,1/2,1,306,306,,,,,,,,,Reprinted in \citet[336]{davidson_d-hintikka:1969},Reprinted in Davidson and Hintikka (1969),,,,,,,,,english,false,,,quine,,,1:modality;2:de_dicto_de_re;3:quantifying_in
191817,article,quine:1968k,,,1968,,Reply to \citet{sellars_w:1968},Reply to Sellars (1968),,,,synthese,19,19,1/2,1,307--310,307,,,,,,,,,Reprinted in \citet[337--340]{davidson_d-hintikka:1969},Reprinted in Davidson and Hintikka (1969),,,,,,,,,english,false,,,quine,,,1:belief
191818,article,quine:1968l,,,1968,,Reply to \citet{kaplan_d:1968},Reply to Kaplan (1968),,,,synthese,19,19,1/2,1,311--315,311,,,,,,,,,Reprinted in \citet[341--345]{davidson_d-hintikka:1969},Reprinted in Davidson and Hintikka (1969),,,,,,,,,english,false,,,quine,,,1:modality;2:de_dicto_de_re;3:quantifying_in
191819,article,quine:1968m,,,1968,,Reply to \citet{berry_gdw:1968},Reply to Berry (1968),,,,synthese,19,19,1/2,1,316--318,316,,,,,,,,,Reprinted in \citet[346--348]{davidson_d-hintikka:1969},Reprinted in Davidson and Hintikka (1969),,,,,,,,,english,false,,,quine,,,1:mathematics;2:nature_of_mathematics;3:mathematical_platonism
191820,article,quine:1968n,,,1968,,Reply to \citet{jensen_rb:1968},Reply to Jensen (1968),,,,synthese,19,19,1/2,1,319--322,319,,,,,,,,,Reprinted in \citet[349--352]{davidson_d-hintikka:1969},Reprinted in Davidson and Hintikka (1969),,,,,,,,,english,false,,,quine,,,1:mathematics;2:set_theory;3:new_foundations
191821,article,quine:1968o,,,1968,,The Times Atlas,The Times Atlas,,,,washington-post,,,,,,,,,,,,,,,Reprinted in \citet[199--202]{quine:1981},Reprinted in Quine (1981),,,,,,,,,english,false,,,quine,,,
191822,book,quine:1969,,,1969,,Ontological Relativity and Other Essays,Ontological Relativity and Other Essays,Ontological Relativity and Other Essays,Ontological Relativity and Other Essays,,,,,,,,,,,New York,,,columbia-university-press,,,,,,,,,,,,,english,false,,,quine,,,1:metaphysics;2:relativism
191823,incollection,quine:1969a,,,1969,,Epistemology Naturalized,Epistemology Naturalized,,,quine:1969,,,,,,69--90,69,,,,,,,,,,,,,,,,,,,english,false,,,quine,,,1:epistemology;2:metaepistemology;3:naturalised_epistemology
191824,incollection,quine:1969b,,,1969,,Natural Kinds,Natural Kinds,,,quine:1969,,,,,,114--138,114,,,,,,,,,Reprinted in \citet[155--175]{schwartz_sp:1977} and in \citet[41--56]{stalker:1994},Reprinted in Schwartz (1977) and in Stalker (1994),,,,,,,,,english,false,,,quine,,,1:causation;2:natural_kinds
191825,incollection,quine:1969c,,,1969,,Existence and Quantification,Existence and Quantification,,,quine:1969,,,,,,91--113,91,,,,,,,,,Simultaneously published in \citet[1--17]{margolis_j:1969},Simultaneously published in Margolis (1969),,,,,,,,,english,false,,,quine,,,1:ontology;2:ontological_commitment
191826,incollection,quine:1969d,,,1969,,Propositional Objects,Propositional Objects,,,quine:1969,,,,,,139--160,139,,,,,,,,,,,,,,,,,,,english,false,,,quine,,,1:representation;2:meaning
191827,incollection,quine:1969f,,,1969,,Linguistics and Philosophy,Linguistics and Philosophy,,,hook_s:1969,,,,,,95--98,95,,,,,,,,,Reprinted in \citet[199--202]{stich_sp:1975} and in \citet[56--58]{quine:1976},Reprinted in Stich (1975) and in Quine (1976),,,,,,,,,english,false,,,quine,,,1:representation;2:ideas;3:innate_ideas
191828,book,quine:1969g,,,1969,,Set Theory and Its Logic,Set Theory and Its Logic,,,,,,,,,,,,,"Cambridge, Massachusetts",,,harvard-university-press,,2,First edition: \citet{quine:1963},First edition: Quine (1963),,,,,,,,,english,false,,,quine,,,1:mathematics;2:set_theory
191829,incollection,quine:1969h,,,1969,,Reply to \citet{grice_hp:1969a},Reply to Grice (1969),,,davidson_d-hintikka:1969,,,,,,326--327,326,,,,,,,,,,,,,,,,,,,english,false,,,quine,,,1:reference;2:empty_names
191830,book,quine:1970,,,1970,,Philosophy of Logic,Philosophy of Logic,,,,,,,,,,,,foundations_of_philosophy_series,"Englewood Cliffs, New Jersey",,,prentice-hall-inc,,,Second edition: \citet{quine:1986},Second edition: Quine (1986),,,,,,,,,english,false,,,quine,,,1:logic
191831,article,quine:1970a,,,1970,,On the Reasons for Indeterminacy of Translation,On the Reasons for Indeterminacy of Translation,,,,the-journal-of-philosophy,67,67,,,,,,,,,,,,,,,,,,,,,,,english,false,,,quine,,,1:representation;2:meaning_skepticism;3:indeterminacy_of_translation
191832,incollection,quine:1970d,,,1970,,Existence,Existence,,,yourgrau_w-breck:1970,,,,,,89--103,89,,,,,,,,,,,,,,,,,,,english,false,,,quine,,,1:ontology
191833,article,quine:1970e,,,1970,,Methodological Reflections on Current Linguistic Theory,Methodological Reflections on Current Linguistic Theory,,,,synthese,21,21,3/4,3,386--398,386,,,,,,,,,Reprinted in \citet[442--454]{davidson_d-harman:1972},Reprinted in Davidson and Harman (1972),,,,,,,,,english,false,,,quine,,,1:belief;2:belief_reports
191834,incollection,quine:1971,,,1971,,The Inscrutability of Reference,The Inscrutability of Reference,,,steinberg_dd-jacobovits:1971,,,,,,142--155,142,,,,,,,,,,,,,,,,,,,english,false,,,quine,,,1:ontology;2:ontological_relativity;3:inscrutability_of_reference
191835,incollection,quine:1972,,,1972,,Algebraic Logic and Predicate Functors,Algebraic Logic and Predicate Functors,,,rudner_r-scheffler:1972,,,,,,214--238,214,,,,,,,,,Reprinted in \citet[283--307]{quine:1976},Reprinted in Quine (1976),,,,,,,,,english,false,,,quine,,,1:representation;2:coordination;3:variables
191836,article,quine:1972a,,,1972,,Review of \citet{munitz:1971},Review of Munitz (1971),,,,the-journal-of-philosophy,69,69,16,16,488--497,488,,,,,,,,,,,,,,,,,,,english,false,,,quine,,,1:ontology
191837,book,quine:1972b,,,1972,,Logique {\'e}l{\'e}mentaire,Logique élémentaire,,,,,,,193,193,,,,u2,Paris,,,armand-colin,,,Traduction de \citet{quine:1965} par Jean Largeault et Bertrant Saint-Sernin,Traduction de Quine (1965) par Jean Largeault et Bertrant Saint-Sernin,,,,,,,,,french,true,,,quine,,,1:logic;2:logic_course
191838,book,quine:1972d,,,1972,,Methods of Logic,Methods of Logic,,,,,,,,,,,,,New York,,,henry-holt-rhinehart-and-winston-inc,,3,First edition: \citet{quine:1950},First edition: Quine (1950),,,,,,,,,english,false,,,quine,,,1:logic;2:logic_course
191839,article,quine:1973,,,1973,,Vagaries of Definition,Vagaries of Definition,,,,annals-of-the-new-york-academy-of-sciences,,,,,,,,,,,,,,,Reprinted in \citet[50--55]{quine:1976},Reprinted in Quine (1976),,,,,,,,,english,false,,,quine,,,1:explanation;2:definition
191840,book,quine:1973a,,,1973,,M{\'e}thodes de logique,Méthodes de logique,,,,,,,,,,,,,Paris,,,armand-colin,,,Traduction de \citet{quine:1972} par Maurice Clavelin,Traduction de Quine (1972) par Maurice Clavelin,,,,,,,,,french,true,,,quine,,,1:logic;2:logic_course
191841,book,quine:1974,,,1974,,The Roots of Reference,The Roots of Reference,,,,,,,,,,,,,"LaSalle, Illinois",,,open-court-publishing-co,,,The Paul Carus Lectures for 1963,The Paul Carus Lectures for 1963,,,,,,,,,english,false,,,quine,,,1:reference
191842,article,quine:1974b,,,1974,,Comment on Michael \citet{dummett_mae:1974a},Comment on Michael Dummett (1974),,,,synthese,27,27,3,3,399,399,,,,,,,,,,,,,,,,,,,english,false,,,quine,,,1:representation;2:meaning_skepticism;3:indeterminacy_of_translation
191843,article,quine:1974c,,,1974,,Paradoxes of Plenty,Paradoxes of Plenty,,,,daedalus,103,103,,,,,,,,,,,,,Reprinted in \citet[194--198]{quine:1981},Reprinted in Quine (1981),,,,,,,,,english,false,,,quine,,,1:argumentation;2:paradoxes
191844,book,quine:1974d,,,1974,,La relatividad ontol{\'o}gica y otros ensayos,La relatividad ontológica y otros ensayos,La relatividad ontol{\'o}gica y otros ensayos,La relatividad ontológica y otros ensayos,,,,,,,,,,,Madrid,,,tecnos,,,Traducci{\'o}n de \citet{quine:1969},Traducción de Quine (1969),,,,,,,,,spanish,false,,,quine,,,1:ontology
191845,book,quine:1974e,,,1974,,"Grundz{\""u}ge der Logik",Grundzüge der Logik,,,,,,,,,,,,,Frankfurt a.M.,,,suhrkamp-verlag,,,"{\""U}bersetzung von \citet{quine:1959} durch Dirk Siefkes",Übersetzung von Quine (1959) durch Dirk Siefkes,,,,,,,,,german,false,,,quine,,,1:logic;2:logic_course
191846,incollection,quine:1974f,,,1974,,Truth and Disquotation,Truth and Disquotation,,,heyting:1974,,,,,,373--384,373,,,,,,,,,Reprinted in file \citep{heyting:1974}aind n \citet[308--321]{quine:1976},"Reprinted in file (Heyting, 1974)aind n Quine (1976)",,,,,,,,,english,false,,,quine,,,1:truth;2:disquotationalism
191847,article,quine:1975,,,1975,,On Empirically Equivalent Systems of the World,On Empirically Equivalent Systems of the World,,,,erkenntnis,9,9,3,3,313--328,313,,,,,,,,,,,,,,,,,,,english,false,,,quine,,,1:science;2:experimentation;3:underdetermination
191848,incollection,quine:1975a,,,1975,,The Nature of Natural Knowledge,The Nature of Natural Knowledge,,,guttenplan:1975,,,,,,67--81,67,,,,,,,,,,,,,,,,,,,english,false,,,quine,,,1:epistemology;2:metaepistemology;3:naturalised_epistemology
191849,incollection,quine:1975b,,,1975,,On the Individuation of Attributes,On the Individuation of Attributes,,,anderson_ar-etal:1975,,,,,,3--13,3,,,,,,,,,Reprinted in \citet[100--112]{quine:1981},Reprinted in Quine (1981),,,,,,,,,english,false,,,quine,,,1:properties
191850,incollection,quine:1975c,,,1975,,Mind and Verbal Dispositions,Mind and Verbal Dispositions,,,guttenplan:1975,,,,,,83--95,83,,,,,,,,,Reprinted in \citet[80--91]{moore_aw:1993},Reprinted in Moore (1993),,,,,,,,,english,false,,,quine,,,
191851,book,quine:1976,,,1976,,The Ways of Paradox and Other Essays,The Ways of Paradox and Other Essays,The Ways of Paradox and Other Essays,The Ways of Paradox and Other Essays,,,,,,,,,,,"Cambridge, Massachusetts",,,harvard-university-press,,2,First edition: \citet{quine:1966},First edition: Quine (1966),,,,,,,,,english,false,,,quine,,,1:argumentation;2:paradoxes
191852,incollection,quine:1976a,,,1976,,Whither Physical Objects?,Whither Physical Objects?,,,cohen_rs-etal:1976a,,,,,,497--504,497,,,,,,,,,,,,,,,,,,,english,false,,,quine,,,1:ontology;2:ontological_relativity
191853,article,quine:1976b,,,1976,,Grades of Discriminability,Grades of Discriminability,,,,the-journal-of-philosophy,73,73,5,5,113--116,113,,,,,,,,,Reprinted in \citet[129--133]{quine:1981},Reprinted in Quine (1981),,,,,,,,,english,false,,,quine,,,1:identity;2:indiscernibles
191854,incollection,quine:1976e,,,1976,,The Limits of Knowledge,The Limits of Knowledge,,,quine:1976,,,,,,59--67,59,,,,,,,,,,,,,,,,,,,english,false,,,quine,,,1:skepticism
191855,incollection,quine:1976f,,,1976,,On Multiplying Entities,On Multiplying Entities,,,quine:1976,,,,,,259--264,259,,,,,,,,,,,,,,,,,,,english,false,,,quine,,,1:method;2:ockham_s_razor
191856,incollection,quine:1976g,,,1976,,The Variable,The Variable,,,quine:1976,,,,,,272--282,272,,,,,,,,,,,,,,,,,,,english,false,,,quine,,,1:representation;2:coordination;3:variables
191857,article,quine:1977,,,1977,,Lewis Caroll's Logic,Lewis Caroll's Logic,,,,the-times-literary-supplement,,,,,,,,,,,,,,,Reprinted in \citet[134--142]{quine:1981},Reprinted in Quine (1981),,,,,,,,,english,false,,,quine,,,1:logic;2:philosophy_of_logic
191858,article,quine:1977a,,,1977,,Review of \citet{evans_g-mcdowell:1976},Review of Evans and McDowell (1976),,,,the-journal-of-philosophy,74,74,,,,,,,,,,,,,,,,,,,,,,,english,false,,,quine,,,1:reference
191859,book,quine:1977b,,,1977,,Le mot et la chose,Le mot et la chose,Le mot et la chose,Le mot et la chose,,,,,,,,,,,Paris,,,flammarion,,,Traduction de \citet{quine:1960} par P.~Gochet et J.~Dopp,Traduction de Quine (1960) par P. Gochet et J. Dopp,,,,,,,,,french,true,,,quine,,,1:representation;2:meaning
191860,incollection,quine:1977d,,,1977,,Intensions Revisited,Intensions Revisited,,,,,,,,,5--11,5,,,,,,,,,Reprinted in \citet[268--274]{midwest:1979a} and in \citet[113--123]{quine:1981},Reprinted in and in Quine (1981),,,,,,,,,english,false,,,quine,,,1:language;2:intensionality
191861,article,quine:1978,,,1978,,Review of \citet{goodman_n:1978},Review of Goodman (1978),,,,the-new-york-review-of-books,,,,,,,,,,,,,,,Reprinted in \citet[96--99]{quine:1981},Reprinted in Quine (1981),,,,,,,,https://www.nybooks.com/articles/1978/11/23/otherworldly/,english,false,,,quine,,,2:supervenience;3:humean_supervenience
191862,article,quine:1978d,,,1978,,"Kurt G{\""o}del",Kurt Gödel,,,,year-book-of-the-american-philosophical-society,1978,1978,,,,,,,,,,,,,Reprinted in \citet[143--147]{quine:1981},Reprinted in Quine (1981),,,,,,,,,english,false,,,quine,,,1:history_of_philosophy
191863,article,quine:1978e,,,1978,,Facts of the Matter,Facts of the Matter,,,,the-southwestern-journal-of-philosophy,9,9,2,2,155--169,155,,,,,,,,,Reprinted in \citet[155--169]{shahan_rw-swoyer:1979},Reprinted in Shahan and Swoyer (1979),,,,,,,,,english,false,,,quine,,,1:representation;2:meaningfulness
191864,book,quine:1979,,,1979,,Von einem logischen Standpunkt.~Neun logisch-philosophische Essays,Von einem logischen Standpunkt. Neun logisch-philosophische Essays,Von einem logischen Standpunkt.~Neun logisch-philosophische Essays,Von einem logischen Standpunkt. Neun logisch-philosophische Essays,,,,,,,,,,,Frankfurt a.M.,,,ullstein,,,"Deutsche {\""U}bersetzung von \citet{quine:1961} von Peter Bosch, mit einem Nachwort","Deutsche Übersetzung von Quine (1961) von Peter Bosch, mit einem Nachwort",,,,,,,,,german,true,,,quine,,,1:metaphysics
191865,article,quine:1979a,,,1979,,Cognitive Meaning,Cognitive Meaning,,,,the-monist,62,62,1,1,129--142,129,,,,,,,,,,,,,,,,,,,english,false,,,quine,,,1:representation;2:meaning
191866,article,quine:1979b,,,1979,,Reply to Professor Seidel [on this letter to the editor about \citet{quine:1978}],Reply to Professor Seidel [on this letter to the editor about Quine (1978)],,,,the-new-york-review-of-books,,,,,,,,,,,,,,,,,,,,,,,,https://www.nybooks.com/articles/1979/01/25/not-to-worry/,english,false,,,quine,,,2:supervenience;3:humean_supervenience
191867,article,quine:1980a,,,1980,,Soft Impeachment Disowned,Soft Impeachment Disowned,,,,pacific-philosophical-quarterly,61,61,,,450--451,450,,,,,,,,,,,,,,,,,,,english,false,,,quine,,,
191868,book,quine:1981,,,1981,,Theories and Things,Theories and Things,Theories and Things,Theories and Things,,,,,,,,,,,"Cambridge, Massachusetts",,,harvard-university-press,,,,,,,,,,,,,english,false,,,quine,,,1:ontology;2:ontological_commitment
191869,incollection,quine:1981a,,,1981,,On the Very Idea of a Third Dogma,On the Very Idea of a Third Dogma,,,quine:1981,,,,,,38--42,38,,,,,,,,,,,,,,,,,,,english,false,,,quine,,,1:metaphysics;2:empiricism
191870,article,quine:1981b,,,1981,,Predicate Functors Revisited,Predicate Functors Revisited,,,,the-journal-of-symbolic-logic,46,46,3,3,649--652,649,,,,,,,,,,,,,,,,,,,english,false,,,quine,,,1:logic;2:algebraic_logic
191871,article,quine:1981c,,,1981,,What Price Bivalence?,What Price Bivalence?,,,,the-journal-of-philosophy,78,78,2,2,90--95,90,,,,,,,,,Reprinted in \citet[31--37]{quine:1981},Reprinted in Quine (1981),,,,,,,,,english,false,,,quine,,,1:truth;2:excluded_middle;3:bivalence
191872,incollection,quine:1981d,,,1981,,"Predicates, Terms, and Classes","Predicates, Terms, and Classes",,,quine:1981,,,,,,164--172,164,,,,,,,,,,,,,,,,,,,english,false,,,quine,,,1:semantics;2:predicates
191873,incollection,quine:1981e,,,1981,,Five Milestones of Empiricism,Five Milestones of Empiricism,,,quine:1981,,,,,,67--72,67,,,,,,,,,,,,,,,,,,,english,false,,,quine,,,1:metaphysics;2:empiricism
191874,incollection,quine:1981g,,,1981,,On the Limits of Decision,On the Limits of Decision,,,quine:1981,,,,,,156--163,156,,,,,,,,,,,,,,,,,,,english,false,,,quine,,,1:decision_theory;2:decision_making
191875,incollection,quine:1981h,,,1981,,Things and their Place in Theories,Things and their Place in Theories,,,quine:1981,,,,,,1--23,1,,,,,,,,,,,,,,,,,,,english,false,,,quine,,,1:ontology;2:ontological_commitment
191876,incollection,quine:1981i,,,1981,,Responses,Responses,,,quine:1981,,,,,,173--186,173,,,,,,,,,,,,,,,,,,,english,false,,,quine,,,1:ontology;2:ontological_commitment
191877,incollection,quine:1981j,,,1981,,Has Philosophy Lost Contact with People?,Has Philosophy Lost Contact with People?,,,quine:1981,,,,,,190--193,190,,,,,,,,,,,,,,,,,,,english,false,,,quine,,,1:metaphilosophy
191878,incollection,quine:1981k,,,1981,,Empirical Content,Empirical Content,,,quine:1981,,,,,,24--30,24,,,,,,,,,,,,,,,,,,,english,false,,,quine,,,1:representation;2:meaningfulness
191879,book,quine:1981l,,,1981,,Saggi Filosofici 1970-1981,Saggi Filosofici 1970-1981,Saggi Filosofici 1970-1981,Saggi Filosofici 1970-1981,,,,,,,,,,,Roma,,,armando-editore,,,Ed.~M.~Leonelli,Ed. M. Leonelli,,,,,,,,,italian,false,,,quine,,,1:history_of_philosophy
191880,book,quine:1981m,,,1981,,Mathematical Logic,Mathematical Logic,,,,,,,,,,,,,"Cambridge, Massachusetts",,,harvard-university-press,,3,First edition: \citet{quine:1940},First edition: Quine (1940),,,,,,,,,english,false,,,quine,,,1:logic;2:logic_course
191881,book,quine:1981n,,,1981,,Elementary Logic,Elementary Logic,,,,,,,,,,,,,"Cambridge, Massachusetts",,,harvard-university-press,,3,First edition: \citet{quine:1941},First edition: Quine (1941),,,,,,,,,english,false,,,quine,,,1:logic;2:logic_course
191882,book,quine:1982,,,1982,,Methods of Logic,Methods of Logic,,,,,,,,,,,,,"Cambridge, Massachusetts",,,harvard-university-press,,4,First edition: \citet{quine:1950},First edition: Quine (1950),,,,,,,,,english,false,,,quine,,,1:logic;2:logic_course
191883,article,quine:1983,,,1983,,Ontology and Ideology Revisited,Ontology and Ideology Revisited,,,,the-journal-of-philosophy,80,80,9,9,499--502,499,,,,,,,,,,,,,,,,,,,english,false,,,quine,,,1:ontology;2:ontological_commitment
191884,article,quine:1984,,,1984,,Relativism and Absolutism,Relativism and Absolutism,,,,the-monist,67,67,,,,,,,,,,,,,,,,,,,,,,,english,false,,,quine,,,1:metaphysics;2:relativism
191885,book,quine:1986,,,1986,,Philosophy of Logic,Philosophy of Logic,,,,,,,,,,,,,"Cambridge, Massachusetts",,,harvard-university-press,,2,First edition: \citet{quine:1970},First edition: Quine (1970),,,,,,,,,english,false,,,quine,,,1:logic;2:philosophy_of_logic
191886,incollection,quine:1986a,,,1986,,Reply to \citet{alston:1986a},Reply to Alston (1986),,,hahn_le-schilpp:1986,,,,,,73--76,73,,,,,,,,,,,,,,,,,,,english,false,,,quine,,,1:representation;2:meaning_skepticism;3:indeterminacy_of_translation
191887,incollection,quine:1986b,,,1986,,Reply to \citet{bohnert_hg:1986},Reply to Bohnert (1986),,,hahn_le-schilpp:1986,,,,,,93--96,93,,,,,,,,,,,,,,,,,,,english,false,,,quine,,,1:representation;2:analyticity
191888,incollection,quine:1986c,,,1986,,Reply to \citet{follesdal_d:1986},Reply to Føllesdal (1986),,,hahn_le-schilpp:1986,,,,,,114--116,114,,,,,,,,,,,,,,,,,,,english,false,,,quine,,,2:essence;3:anti_essentialism
191889,incollection,quine:1986d,,,1986,,Reply to \citet{gaehde-stegmueller:1986},Reply to Gähde and Stegmüller (1986),,,hahn_le-schilpp:1986,,,,,,137--138,137,,,,,,,,,,,,,,,,,,,english,false,,,quine,,,1:representation;2:content_determination;3:meaning_holism
191890,incollection,quine:1986e,,,1986,,Reply to \citet{gibson_rf:1986},Reply to Gibson (1986),,,hahn_le-schilpp:1986,,,,,,155--158,155,,,,,,,,,,,,,,,,,,,english,false,,,quine,,,1:representation;2:meaning_skepticism;3:indeterminacy_of_translation
191891,incollection,quine:1986f,,,1986,,Reply to \citet{goodman_n:1986},Reply to Goodman (1986),,,hahn_le-schilpp:1986,,,,,,162--164,162,,,,,,,,,,,,,,,,,,,english,false,,,quine,,,1:mathematics;2:nature_of_mathematics;3:mathematical_nominalism
191892,incollection,quine:1986g,,,1986,,Reply to \citet{harman_gh:1986d},Reply to,,,hahn_le-schilpp:1986,,,,,,181--188,181,,,,,,,,,,,,,,,,,,,english,false,,,quine,,,1:language;2:logical_structure;3:logical_form
191893,incollection,quine:1986h,,,1986,,Reply to \citet{hellman_g:1986},Reply to Hellman (1986),,,hahn_le-schilpp:1986,,,,,,206--208,206,,,,,,,,,,,,,,,,,,,english,false,,,quine,,,1:metaphysics;2:conventionalism;3:conventionalism_in_mathematics
191894,incollection,quine:1986i,,,1986,,Reply to \citet{hintikka_j:1986c},Reply to Hintikka (1986),,,hahn_le-schilpp:1986,,,,,,227--228,227,,,,,,,,,,,,,,,,,,,english,false,,,quine,,,1:modality;2:de_dicto_de_re;3:quantifying_in
191895,incollection,quine:1986j,,,1986,,Reply to \citet{kaplan_d:1986},Reply to Kaplan (1986),,,hahn_le-schilpp:1986,,,,,,289--294,289,,,,,,,,,,,,,,,,,,,english,false,,,quine,,,1:representation;2:hyperintensionality
191896,incollection,quine:1986k,,,1986,,Reply to \citet{lee_hn:1986},Reply to Lee (1986),,,hahn_le-schilpp:1986,,,,,,315--318,315,,,,,,,,,,,,,,,,,,,english,false,,,quine,,,1:ontology;2:events
191897,incollection,quine:1986l,,,1986,,Reply to \citet{levison_ab:1986},Reply to Levison (1986),,,hahn_le-schilpp:1986,,,,,,335--338,335,,,,,,,,,,,,,,,,,,,english,false,,,quine,,,1:representation;2:meaning_skepticism;3:indeterminacy_of_translation
191898,incollection,quine:1986m,,,1986,,Reply to \citet{nozick:1986},Reply to Nozick (1986),,,hahn_le-schilpp:1986,,,,,,364--368,364,,,,,,,,,,,,,,,,,,,english,false,,,quine,,,1:representation;2:meaning_skepticism;3:indeterminacy_of_translation
191899,incollection,quine:1986n,,,1986,,Reply to \citet{parsons_c:1983c},Reply to Parsons (1983),,,hahn_le-schilpp:1986,,,,,,396--404,396,,,,,,,,,,,,,,,,,,,english,false,,,quine,,,1:mathematics;2:nature_of_mathematics;3:mathematical_nominalism
191900,incollection,quine:1986o,,,1986,,Reply to \citet{putnam_h:1986},Reply to Putnam (1986),,,hahn_le-schilpp:1986,,,,,,427--432,427,,,,,,,,,,,,,,,,,,,english,false,,,quine,,,1:representation;2:content_determination;3:meaning_holism
191901,incollection,quine:1986p,,,1986,,Reply to \citet{roth_p:1986},Reply to Roth (1986),,,hahn_le-schilpp:1986,,,,,,459--462,459,,,,,,,,,,,,,,,,,,,english,false,,,quine,,,1:representation;2:meaning_skepticism;3:indeterminacy_of_translation
191902,incollection,quine:1986q,,,1986,,Reply to \citet{skolimowski:1967},Reply to Skolimowski (1967),,,hahn_le-schilpp:1986,,,,,,492--494,492,,,,,,,,,,,,,,,,,,,english,false,,,quine,,,1:metaphilosophy
191903,incollection,quine:1986r,,,1986,,Reply to \citet{smart_jjc:1986},Reply to Smart (1986),,,hahn_le-schilpp:1986,,,,,,516--518,516,,,,,,,,,,,,,,,,,,,english,false,,,quine,,,1:space_spacetime
191904,incollection,quine:1986s,,,1986,,Reply to \citet{strawson_pf:1986b},Reply to Strawson (1986),,,hahn_le-schilpp:1986,,,,,,533--536,533,,,,,,,,,,,,,,,,,,,english,false,,,quine,,,1:representation
191905,incollection,quine:1986t,,,1986,,Reply to \citet{thompson_mh:1986},Reply to,,,hahn_le-schilpp:1986,,,,,,464--568,464,,,,,,,,,,,,,,,,,,,english,false,,,quine,,,1:epistemology;2:metaepistemology;3:naturalised_epistemology
191906,incollection,quine:1986u,,,1986,,Reply to \citet{ullian:1986},Reply to Ullian (1986),,,hahn_le-schilpp:1986,,,,,,590--593,590,,,,,,,,,,,,,,,,,,,english,false,,,quine,,,1:logic
191907,incollection,quine:1986v,,,1986,,Reply to \citet{vuillemin:1986a},Reply to Vuillemin (1986),,,hahn_le-schilpp:1986,,,,,,619--622,619,,,,,,,,,,,,,,,,,,,english,false,,,quine,,,1:science;2:confirmation;3:confirmational_holism
191908,incollection,quine:1986w,,,1986,,Reply to \citet{wang_hao:1986},Reply to Wang (1986),,,hahn_le-schilpp:1986,,,,,,644--648,644,,,,,,,,,,,,,,,,,,,english,false,,,quine,,,1:logic;2:history_of_logic
191909,incollection,quine:1986x,,,1986,,Reply to \citet{white_sl:1986},Reply to White (1986),,,hahn_le-schilpp:1986,,,,,,663--668,663,,,,,,,,,,,,,,,,,,,english,false,,,quine,,,1:ethics
191910,incollection,quine:1986z,,,1986,,Autobiography,Autobiography,,,hahn_le-schilpp:1986,,,,,,3--47,3,,,,,,,,,,,,,,,,,,,english,false,,,quine,,,1:history_of_philosophy
191911,book,quine:1987,,,1987,,Quiddities: An Intermittently Philosophical Dictionary,Quiddities: An Intermittently Philosophical Dictionary,,,,,,,,,,,,,"Cambridge, Massachusetts",,,harvard-university-press,,,,,,,,,,,,,english,false,,,quine,,,1:dictionary
191912,book,quine:1987a,,,1987,,La Scienza e i Dati di Senso,La Scienza e i Dati di Senso,,,,,,,,,,,,,Roma,,,armando-editore,,,,,,,,,,,,,italian,false,,,quine,,,1:science
191913,book,quine:1990,,,1990,,Pursuit of Truth,Pursuit of Truth,,,,,,,,,,,,,"Cambridge, Massachusetts",,,harvard-university-press,,,,,,,,,,,,,english,false,,,quine,,,1:truth;2:value_of_truth
191914,incollection,quine:1990a,,,1990,,Three Indeterminacies,Three Indeterminacies,,,barrett_rb-gibson:1990,,,,,,1--16,1,,,,,,,,,,,,,,,,,,,english,false,,,quine,,,1:representation;2:meaning_skepticism;3:indeterminacy_of_translation
191915,article,quine:1991,,,1991,,Immanence and Validity,Immanence and Validity,,,,dialectica,45,45,2/3,2,219--230,219,,,,,,,,,"Reprinted, with omissions and emendations, in \citet[242--250]{quine:1995c}","Reprinted, with omissions and emendations, in Quine (1995)",,,,,,,10.1111/j.1746-8361.1991.tb00988.x,,english,false,,,quine,,,1:logic;2:entailment;3:logical_consequence
191916,article,quine:1991a,,,1991,,Two Dogmas in Retrospect,Two Dogmas in Retrospect,,,,canadian-journal-of-philosophy,21,21,,,265--274,265,,,,,,,,,,,,,,,,,,,english,false,,,quine,,,1:representation;2:analyticity
191917,book,quine:1991b,,,1991,,"Dear Carnap, dear Van: The Quine Carnap Correspondence and Related Work","Dear Carnap, dear Van: The Quine Carnap Correspondence and Related Work",,,,,,,,,,,,,"Berkeley, California",,,university-of-california-press,,,,,,,,,,,,,english,false,,,quine,,,1:history_of_philosophy
191918,book,quine:1992,,,1992,,Pursuit of Truth,Pursuit of Truth,,,,,,,,,,,,,"Cambridge, Massachusetts",,,harvard-university-press,,2,,,,,,,,,,,english,false,,,quine,,,1:truth;2:value_of_truth
191919,book,quine:1992b,,,1992,,La b{\'u}squeda de la verdad,La búsqueda de la verdad,La b{\'u}squeda de la verdad,La búsqueda de la verdad,,,,,,,,,,,Barcelona,,,critica,,,Traducci{\'o}n de \citet{quine:1990},Traducción de Quine (1990),,,,,,,,,spanish,false,,,quine,,,1:truth
191920,article,quine:1992c,,,1992,,Structure and Nature,Structure and Nature,,,,the-journal-of-philosophy,89,89,1,1,5--9,5,,,,,,,,,,,,,,,,,,,english,false,,,quine,,,1:structuralism
191921,article,quine:1993,,,1993,,In Praise of Observation Sentences,In Praise of Observation Sentences,,,,the-journal-of-philosophy,90,90,1,1,107--116,107,,,,,,,,,,,,,,,,,,,english,false,,,quine,,,1:representation;2:meaningfulness
191922,book,quine:1993a,,,1993,,La Poursuite de la v{\'e}rit{\'e},La Poursuite de la vérité,,,,,,,,,,,,,Paris,,,editions-du-seuil,,,Traduction de \citet{quine:1990},Traduction de Quine (1990),,,,,,,,,french,true,,,quine,,,1:truth;2:value_of_truth
191923,article,quine:1994a,,,1994,,Promoting Extensionality,Promoting Extensionality,,,,synthese,98,98,1,1,143--151,143,,,,,,,,,,,,,,,,,,,english,false,,,quine,,,1:language;2:extensionality
191924,article,quine:1994b,,,1994,,Responses,Responses,,,,inquiry,37,37,4,4,495--505,495,,,,,,,,,,,,,,,,,,,english,false,,,quine,,,
191925,book,quine:1995,,,1995,,From Stimulus to Science,From Stimulus to Science,From Stimulus to Science,From Stimulus to Science,,,,,,,,,,,"Cambridge, Massachusetts",,,harvard-university-press,,,,,,,,,,,,,english,false,,,quine,,,1:representation
191926,article,quine:1995a,,,1995,,"Naturalism; Or, Living Within One's Means","Naturalism; Or, Living Within One's Means",,,,dialectica,49,49,2--4,2,251--261,251,,,,,,,,,,,,,,,,,10.1111/j.1746-8361.1995.tb00164.x,,english,false,,,quine,,,1:metaphilosophy;2:naturalism
191927,incollection,quine:1995b,,,1995,,Reactions,Reactions,,,leonardi_p-santambrogio:1995,,,,,,347--363,347,,,,,,,,,,,,,,,,,,,english,false,,,quine,,,1:varia
191928,incollection,quine:1995d,,,1995,,"Truth, Paradox, and G{\""o}del's Theorem","Truth, Paradox, and Gödel's Theorem",,,quine:1995c,,,,,,236--241,236,,,,,,,,,,,,,,,,,,,english,false,,,quine,,,1:logic;2:in_completeness;3:goedel_s_theorem
191929,incollection,quine:2000,,,2000,,"I, You and It: An Epistemological Triangle","I, You and It: An Epistemological Triangle",,,orenstein-kotatko:2000,,,,,,1--6,1,,,,,,,,,,,,,,,,,,,english,false,,,quine,,,1:reference
191930,incollection,quine:2000a,,,2000,,Responses,Responses,,,orenstein-kotatko:2000,,,,,,407--430,407,,,,,,,,,,,,,,,,,,,english,false,,,quine,,,1:varia
191931,book,quine:2003,,,2003,,Wissenschaft und Empfindung.~Die Immanuel Kant Lectures,Wissenschaft und Empfindung. Die Immanuel Kant Lectures,,,,,,,,,,,,problemata,Stuttgart - Bad Cannstatt,,,friedrich-frommann-verlag-gunther-holzboog,,,"{\""U}bersetzt und eingeleitet von H.G.~Callaway",Übersetzt und eingeleitet von H.G. Callaway,,,,,,,,,german,true,,,quine,,,1:metaphilosophy;2:naturalism
191932,book,quine:2004,,,2004,,Du point de vue logique : neuf essais logico-philosophiques,Du point de vue logique : neuf essais logico-philosophiques,Du point de vue logique : neuf essais logico-philosophiques,Du point de vue logique : neuf essais logico-philosophiques,,,,,,,,,,biblioth_e_que_des_textes_philosophiques,Paris,,,librairie-philosophique-jean-vrin,,,Traduction fran{\c{c}}aise de \citet{quine:1953} par Sandra Laugier,Traduction française de Quine (1953) par Sandra Laugier,,,,,,,,,french,true,,,quine,,,1:metaphysics
191933,book,quine:2004a,,,2004,,Quintessence -- Basic Readings from the Philosophy of W.V.~Quine,Quintessence – Basic Readings from the Philosophy of W.V. Quine,Quintessence -- Basic Readings from the Philosophy of W.V.~Quine,Quintessence – Basic Readings from the Philosophy of W.V. Quine,,,,,,,,,,,"Cambridge, Massachusetts",,,harvard-university-press,,,Ed.~by Roger Gibson,Ed. by Roger Gibson,,,,,,,,,english,false,,,quine,,,1:history_of_philosophy
191934,incollection,quine:2008,,,2008,,Nominalism,Nominalism,,,zimmerman_dw:2008,,,,,,3--21,3,,,,,,,,,"Notes for a talk at the Harvard Philosophical Colloquium, March 11, 1946, edited by Paolo Mancosu","Notes for a talk at the Harvard Philosophical Colloquium, March 11, 1946, edited by Paolo Mancosu",,,,,,,,,english,false,,,quine,,,1:mathematics;2:nature_of_mathematics;3:mathematical_nominalism
191935,book,quine:2008a,,,2008,,Quine in Dialogue,Quine in Dialogue,Quine in Dialogue,Quine in Dialogue,,,,,,,,,,,"Cambridge, Massachusetts",,,harvard-university-press,,,Ed.~by Dagfinn F{\o}llesdal and Douglas B.~Quine,Ed. by Dagfinn Føllesdal and Douglas B. Quine,,,,,,,,,english,false,,,quine,,,1:history_of_philosophy
191936,book,quine:2008b,,,2008,,Confessions of a Confirmed Extensionalist and Other Essays,Confessions of a Confirmed Extensionalist and Other Essays,Confessions of a Confirmed Extensionalist and Other Essays,Confessions of a Confirmed Extensionalist and Other Essays,,,,,,,,,,,"Cambridge, Massachusetts",,,harvard-university-press,,,Ed.~by Dagfinn F{\o}llesdal and Douglas B.~Quine,Ed. by Dagfinn Føllesdal and Douglas B. Quine,,,,,,,,,english,false,,,quine,,,1:logic
191937,book,quine:2013,,,2013,,Word and Object,Word and Object,,,,,,,,,,,,,"Cambridge, Massachusetts",,,the-mit-press,,,First edition: \citet{quine:1960},First edition: Quine (1960),,,,,,,10.7551/mitpress/9636.001.0001,,english,false,,,quine,,,1:representation;2:meaning
191938,article,quinton:1979,,,1979,,Objects and Events,Objects and Events,,,,mind,88,88,350,350,197--214,197,,,,,,,,,,,,,,,,,,,english,false,,,quinton,,,1:ontology;2:events
191939,incollection,quinton:1990,,,1990,,Doing without Meaning,Doing without Meaning,,,barrett_rb-gibson:1990,,,,,,294--308,294,,,,,,,,,,,,,,,,,,,english,false,,,quinton,,,1:representation;2:meaning
191940,incollection,quong:2013,,,2013,,Public Reason,Public Reason,The Stanford Encyclopedia of Philosophy,The Stanford Encyclopedia of Philosophy,,,,,,,,,,,"Stanford, California",,,stanford-encyclopedia,,,,,,,,,,,,https://plato.stanford.edu/archives/sum2013/entries/public-reason/,english,false,,,quong,,,1:political_philosophy
191941,incollection,quong:2017,,,2017,,Public Reason,Public Reason,The Stanford Encyclopedia of Philosophy,The Stanford Encyclopedia of Philosophy,,,,,,,,,,,"Stanford, California",,,stanford-encyclopedia,,,,,,,,,,,,https://plato.stanford.edu/archives/win2017/entries/public-reason/,english,false,,,quong,,,1:political_philosophy
191942,incollection,quong:2022,,,2022,,Public Reason,Public Reason,The Stanford Encyclopedia of Philosophy,The Stanford Encyclopedia of Philosophy,,,,,,,,,,,"Stanford, California",,,stanford-encyclopedia,,,,,,,,,,,,https://plato.stanford.edu/archives/sum2022/entries/public-reason/,english,false,,,quong,,,1:political_philosophy
